Нандышева Ульяна Анатольевна ИП 9-ой Гвардейской дивизии ул 11Б|104,55|0|
ТОРГСЕРВИС 22 Красногорское с, Юбилейная 12|72 941,13|0|
ТОРГСЕРВИС 54 Бердское шоссе 63/1|30 851,06|0|
ТОРГСЕРВИС 55 Называевск г, Пролетарская ул 66|67 875,64|0|
МИЧУРИНСКОЕ СЕЛЬПО (сеть)|14 072,03|0|
УМНЫЙ РИТЕЙЛ 1905 года 83/2|64 929,69|0|
Величко Михаил Александрович ИП (сеть)|10 848,21|0|
УМНЫЙ РИТЕЙЛ Петухова ул 12/1|47 993,73|0|
Пигарева Елена Владимировна ИП (5-ОПТ)|0|-3 856,97|
Элемент-Трейд Зорге, 44-44а|7 689,68|0|
ТАНДЕР Котовского, 12/1|15 141,64|0|
ТАНДЕР Скала с, Чехова 2|52 556,59|0|
Ксеневич Елена Викторовна ИП Красногорский пер 2 корп 1|2 275,62|0|
АГРОЭКО-ПЕРЕРАБОТКА ООО|4 283 814,78|0|
Агроторг Красный пр-кт, 218/2|2 177,85|0|
МЕЛЛОН ООО|0|-22 591,5|
Агроторг Ватутина, 4|8 971,74|0|
Агроторг Бердск, Черемушная 4/1|7 863,29|0|
Агроторг Гусинобродское ш,35|6 765,91|0|
Элемент-Трейд Линейная 31|10 428,1|0|
О'КЕЙ  Омск г, Энтузиастов 2, кор. 1|23 043,17|0|
ТАНДЕР Троллейная 21|40 734,63|0|
ТОРГСЕРВИС 22 Барнаул г. Власихинская 59, пом.Н2|26 644|0|
ТАНДЕР  Верх-Ирмень с, Кандикова 34|17 365,44|0|
ТАНДЕР Федора Горячева 45|75 189,07|0|
ПРОСТОР 103 Барнаул, Ленина пр-кт, 110 а|127 630,84|0|
КОРОТОЯКСКИЙ ЭЛЕВАТОР АО|0|-572 000|
ТАНДЕР Мясниковой 22/2|87 631,99|0|
ТАНДЕР Дзержинского пр-кт, 87|33 637,14|0|
Агроторг 8-й Порт-Артурский пер|12 918,85|0|
Агроторг Фадеева ул, 66/7|11 334,07|0|
Москалюк Юлия Алиевна ИП|0,1|0|
Элемент-Трейд Софийская 22|9 762,79|0|
ПАЛЛАДИУМ СТАНДАРТ ООО|7 560|0|
УМНЫЙ РИТЕЙЛ Кирова 11|30 532,17|0|
НМК ООО|19 525|0|
ЦИР  ДЕЛОВОЕ ОБРАЗОВАНИЕ.РУ ООО|12 700|0|
ТОРГСЕРВИС 22 Кулунда, Советская, 2 |128 280,07|0|
СИБПОДШИПНИК ООО|0|-55 360|
ТАНДЕР Курчатова, 3/4 |29 050,93|0|
ТАНДЕР Семьи Шамшиных, 64|93 816,69|0|
БТИ про|25 000|0|
ЕМТ|0|-74 403|
Элемент-Трейд Лазурная, 4/3 |8 891,91|0|
Сеть ТОРГСЕРВИС 142 |53 299,86|0|
Сеть ТОРГСЕРВИС 342 |502 127,75|0|
ТОРГСЕРВИС 342 Белово, Ленина, 1  |17 767,79|0|
ТОРГСЕРВИС 342 Тайга, Савинова, 9 |17 350|0|
ТОРГСЕРВИС 342 Киселевск, Гормашевская, 3|17 364,23|0|
ТАНДЕР Новосибирская ул,18/1|51 227,95|0|
ТОРГСЕРВИС 142 Кожевниково, Гагарина, 16, стр 3 |17 023,48|0|
Агроторг Челюскинцев, 46|7 539,99|0|
Европлан Лизинговая компания|0,07|0|
Болтрукевич Алексей Владимирович  Бердск г, Микрорайон 58|76 267,23|0|
ГУРМАН КЛУБ ООО|0|-1 037,75|
ТАНДЕР Озерный п, Солнечный мкр, 333|195 413,63|0|
ТАНДЕР Карасук г, Сорокина 12 (ВТ)|38 244,57|0|
ЗОЛОТОЙ ЛЕВ ООО|0|-94 474,01|
ТОРГСЕРВИС 142  Томск Пушкина 63  стр. 8|0|-7 889,92|
Элемент-Трейд Мошково рп, Вокзальная 93|2 294,7|0|
ФИНПРАВГРУПП ООО|50 000|0|
ТАНДЕР  Сухарная 35, корп. 6|151 745,03|0|
Агроторг Красный пр-кт, 310|11 893,4|0|
Плотников Андрей Михайлович ИП|75 000|0|
РЖК-ТРЕЙД ООО|0|-45 900|
ТОРГСЕРВИС 22 Ребриха, Победы пр-кт, 2А/1 |207 660,04|0|
ТАНДЕР Барнаул, Власиха с, Рождественская, 55А, стр 1|631,57|0|
РАЙФФАЙЗЕНБАНК АО|0|-33 644 496,01|
ПРОСТОР 103 Бийск, Максима и Николая Казанцевых, 58|258 795,69|0|
Элемент-Трейд Лермонтова, 47 |8 174,78|0|
ТОРГСЕРВИС 22 Шипуново, Садовая, 1к |204 755,28|0|
ПРОМСВЯЗЬБАНК ПАО|0|-22 007 314,92|
ТАНДЕР Дунаевского, 1 |79 029,08|0|
ТАНДЕР Варшавская, 12 |84 316,42|0|
Элемент-Трейд Линево, 4-й мкр, 9а |3 958,84|0|
Агроторг Писарева , 80/1|5 143,6|0|
Агроторг Бердск, Вокзальная 26А|11 996,51|0|
ПОС МЕДИА РУС ООО|0,06|0|
ТАНДЕР Ольги Берггольц, 39|65 753,18|0|
ТАНДЕР Техническая 21|73 746,37|0|
Элемент-Трейд Черепаново г, Пролетарская ,78|3 414,8|0|
ПУРАТОС АО|0|-46 751,6|
МЕСТНАЯ РЕЛИГИОЗНАЯ ОРГАНИЗАЦИЯ ПРАВОСЛАВНЫЙ ПРИХОД  КРЕСТОВОЗДВИЖЕНСКОГО ХРАМА Г.КОЛОМНЫ  МОСКОВСКО|2 000|0|
Агроторг Дзержинского пр-кт, 73|10 408,15|0|
Агроторг Залесского,8/1|3 651,68|0|
Агроторг Троллейная ,152а|11 709,43|0|
Агроторг Военная 1|1 419,54|0|
ТОРГСЕРВИС 54 Купино, Восточная 9А (ВТ)|104 356,6|0|
ТОРГСЕРВИС 54 Колывань рп, Шоссейная 16|52 973,35|0|
ГрандТорг Карла Маркса пл.,3|330 495,98|0|
ГрандТорг Немировича-Данченко 145/2|306 923,47|0|
ДельтаТорг Инженерная 5/1|429 740,65|0|
ТАНДЕР Омск, Химиков 30 (ГМ)|39 297,46|0|
ТАНДЕР Омск, Перелета ул,23/1 (ГМ)|32 124,42|0|
ТАНДЕР Омск, Заозерная ул, 24 (ГМ)|31 424,74|0|
ТАНДЕР Омск, Станционная 6-я ул, 2/5 (ГМ)|47 576,35|0|
ТАНДЕР Залесского ул, 8/1|51 607,53|0|
ТОРГСЕРВИС 342 Крапивинский пгт, Мостовая 23Б|17 517,95|0|
ТОРГСЕРВИС 54 Плотинная , 5/3|39 656,8|0|
Элемент-Трейд Героев Революции 35|2 235,8|0|
Мазепин Сергей Сергеевич_экс-р|10 492,3|0|
ТОРГСЕРВИС 22 Ключи с, Карла Маркса ул, 45Б|46 672,42|0|
МегаТорг Первомайская 57|176 515,08|0|
ТОРГСЕРВИС 54 Чаны рп, Герцена 1Г (ВТ)|73 701,78|0|
ТОРГСЕРВИС 342 Новокузнецк, Ярославская 15|17 439,53|0|
ПРОГРЕСС ООО|0|-581 200|
Красритейл Томск , Мостовая 38|103 017,06|0|
Красритейл Бийск г, имени Героя Советского Союза Васильева 85ж|197 444,29|0|
Дмитриева Ольга Сергеевна ИП Трикотажная 47/1|0|-5 386|
ТАНДЕР Волховская 33А|14 042,49|0|
ДАЙРИГРУПП ООО|0|-198 900|
Агроторг Петухова, 12В|8 097,26|0|
Болтрукевич Алексей Владимирович  Бердск г, Озерная 30|23 259,1|0|
Агроторг Толстого 117|4 260,88|0|
Агроторг Нарымская ул, 37|13 802,3|0|
Агроторг  Одоевского ул, 1/12|12 435,13|0|
Агроторг Дмитрия Шмонина ул,10, пом.3 ,4|17 889,26|0|
Агроторг Лобачевского 69|9 767,41|0|
ВСЕИНСТРУМЕНТЫ.РУ ООО|0|-29 856|
Агроторг  Некрасова 42|1 720,24|0|
Майнаков Кирилл Александрович (виновное лицо в ДТП с а/м Е092ХВ154)|494 435|0|
ЮВЕЛИЯ Северный проезд 3, корп 9|142 401,08|0|
ЗАРЕЧЕНСКИЙ МЯСОКОМБИНАТ ООО|0|-1 368 000|
ТАНДЕР Смоленское с, Титова 50/6|0|-0,01|
КАШТАН ГРУПП ООО|0|-58 800|
ПОЧТА РОССИИ АО|6 048|0|
МОЛОЧНАЯ СТРАНА ООО Бердск г, Барнаульская 8/1|0|-187,56|
Ковалев Сергей Александрович ИП  Стартовая 43/1|0|-112,6|
МОНИТОРИНГ ООО (ИНН 5406796953)|14 080|0|
КОМБИНАТ ПИЩЕВОЙ ХОРОШИЙ ВКУС АО|71 757,94|0|
Курников Владислав Анатольевич ИП|0|-15,26|
КОРСК ООО Сибиряков-Гвардейцев 49/1, склад 7|0|-9 252,72|
Каныгин Роман Геннадьевич ИП ( 5 ОПТ)  Сибиряков-Гвардейцев 49, кор.1|0|-932,02|
Агроторг Выборная 117/3|6 944,49|0|
ТОРГСЕРВИС 54 Мошково, Вокзальная 1/10Б|44 130,2|0|
ТАНДЕР Омск, 70 лет Октября 1 (ГМ)|150 500,72|0|
ТАНДЕР Гусинобродское ш,106|153 089,5|0|
ТРАНСОПТ ООО  Обь г, Октябрьская ул, дом 8/3|0|-44,75|
Элемент-Трейд Кропоткина 132/4|15 989,18|0|
Моисеева Ирина Николаевна ИП Сибиряков-Гвардейцев 49, кор 1|0|-531,91|
БЭЛЛ ТК ООО|0|-53 827|
АЙРИШ ПАБ 2 ООО , Советская 18 подвал|0|-380,76|
Агроторг Рассветная 11|16 480,47|0|
Белков Олег Александрович_экс-р|2 797,19|0|
Элемент-Трейд Иванова 35Б|7 306,37|0|
Элемент-Трейд Ольги Берггольц 24|3 045,17|0|
Элемент-Трейд Новая Заря 14|3 419,46|0|
Агроторг Одоевского 17|13 385,73|0|
МЕРКУРИЙ ООО (Кировский район)|53 683,19|0|
Агроторг Виктора Уса, 15/2 |7 780,06|0|
ГРИБНЫЕ ТЕХНОЛОГИИ ООО|0|-84 150|
ЯХЁ ООО|0|-805 981,8|
Элемент-Трейд  Обь г, Ломоносова 42|3 479,84|0|
Сеть Сургутская Елизавета Сергеевна ИП |0|-300|
МАСЛЯНИНСКОЕ ЛУКОШКО ООО|0|-17 820|
Элемент-Трейд Чигорина 1|5 484,85|0|
Дудник Елена Владимировна ИП Фабричный пер,5|0|-1 365,17|
ТОРГСЕРВИС 54 Ордынское рп, М. Горького ул 6|67 747,39|0|
ТАНДЕР Большевистская 171 |58 559,63|0|
ТАНДЕР Учительская 46|48 660,81|0|
Галаган Сергей Витальевич ИП|20 600|0|
Агроторг Энергетиков пр-д 29|12 142,25|0|
ПЕРСПЕКТИВА ООО|0|-10 951,2|
ДДС ЭКСПОРТ И ИМПОРТ|0|-67 280|
Агроторг 1-й Порт-Артурский пер 78|10 399,54|0|
Агроторг Большевистская 14/3|8 472,46|0|
Агроторг Новоуральская ул 17|20 571,49|0|
ФРУТЛАЙФ ООО|0|-806 200,55|
Агроторг Петухова 91|9 174,3|0|
Сеть Щербаков Дмитрий Михайлович ИП|0|-157 301,5|
Сеть Ерохин Иван Николаевич ИП|0|-74 855,87|
Агроторг Фрунзе 88|4 615,16|0|
Агроторг Толстого 34|7 494,67|0|
Агроторг Хилокская 1д|9 085,93|0|
Агроторг Героев Революции, 64|7 210,35|0|
Щербаков Дмитрий Михайлович ИП Полтавская 47Б|80 207,54|0|
Щербаков Дмитрий Михайлович ИП Карла Маркса 1|26 644,71|0|
Щербаков Дмитрий Михайлович ИП Выборная 144|100 885,3|0|
Ерохин Иван Николаевич ИП Бориса Богаткова 206|94 436,69|0|
НИК Николая Островского 111, кор 9|703 460,16|0|
ТАНДЕР Коченевский район,  СНТ Судостроитель (р. Рыбачий)|129 671,67|0|
ТАНДЕР Садовый п, Угловая 11|69 519,42|0|
БИЗНЕС МОДА ООО|0|-27 000|
Красритейл Новокузнецк Ярославская 15б корп 4|160 280,08|0|
КМПЗ ООО|2 568,17|0|
Элемент-Трейд Связистов 113а|7 257,33|0|
Агроторг Широкая, 113/2|12 178,59|0|
Агроторг Стартовая 4/1|9 497,31|0|
Агроторг Юности 1/1|19 976,43|0|
ПРОСТОР 103 Кемерово г, Автозаводская ул, 1 корп 4|229 690,32|0|
Сеть Рукавичникова Елена Вячеславовна ИП|0|-11 331,11|
ТОРГСЕРВИС 342 Тисуль пгт Ленина 56|17 420,44|0|
Элемент-Трейд Горный рп Советская 9|2 171,64|0|
ЛИДЕР ФУД ООО|0|-38 978,39|
ПРИМАФУД ООО|0|-15 273|
Агроторг Марата ул, 2 п 1|12 771,91|0|
Элемент-Трейд Динамовцев 13|4 138,92|0|
Агроторг Дачная 60|16 617,84|0|
Болтрукевич Алексей Владимирович  Лебедевка Центральная 46|22 453,64|0|
Красритейл Томск , Мичурина 18|222 918,23|0|
ХЛС ООО|378 000|0|
ТОРГСЕРВИС 342 Белово 3 мкр, 130  пом. 2|17 441,96|0|
ТОРГСЕРВИС 22 Майма Ленина 129б|28 234,62|0|
РУССО-БАЛТ ГРУПП ООО|0|-203 904|
ТОРГСЕРВИС 54 Арбузова 2/2|24 617,91|0|
ТОРГСЕРВИС 54 Сузун Строительная 16А|37 855,81|0|
Агроторг Обь, Ломоносова, 11|29 200,46|0|
СИБСЕВЕР ТРАНЗИТ ООО  Сибиряков-Гвардейцев 49/1|0|-2 896,35|
ТОРГСЕРВИС 342 Мыски, Ноградская 2а|17 374,98|0|
Красритейл Ленинск-Кузнецкий г, Спасстанция ул, 15/44|201 740,71|0|
ТАНДЕР Чигорина 65/1|38 584,53|0|
Сеть ТОРГСЕРВИС 55 |123 137,89|0|
ТРЕЙДКОМ ООО|35 200|0|
ТОРГСЕРВИС 55 Шербакуль рп, Гайдара 18  20-24|72 719,38|0|
ТОРГСЕРВИС 55 Омск Волгоградская 111|37 941,84|0|
ТОРГСЕРВИС 55 Омск Путевая 1-я ул 102|28 527,36|0|
ТОРГСЕРВИС 55 Азово Российская 47|32 073,1|0|
ТОРГСЕРВИС 55 Саргатское рп Кооперативная 107|30 199,76|0|
ТОРГСЕРВИС 55 Тара Нерпинская 92|31 163,13|0|
ТОРГСЕРВИС 55 Любинский рп, Буркенина 12|48 836,3|0|
ТОРГСЕРВИС 55 Омск Мельничная 130|45 662,3|0|
ТОРГСЕРВИС 55 Омск Космический пр-кт 54|30 345,85|0|
Агроторг Галущака, 1А|17 692,13|0|
Агроторг Титова, 198|10 657,58|0|
ТОРГСЕРВИС 55 Омск Енисейская 1|11 287,82|0|
ТОРГСЕРВИС 55 Омск Звездова 39Б пом 4|0|-3 130,31|
ТОРГСЕРВИС 55 Омск Комсомольская 13-я ул 61|104 022,77|0|
ТОРГСЕРВИС 55 Омск 22 Декабря ул, 98|30 694,06|0|
ТОРГСЕРВИС 55 Омск Челюскинцев 4-я 1и|48 171,41|0|
ТОРГСЕРВИС 55 Черлак рп, Торговая 10, 2|52 171,66|0|
ТОРГСЕРВИС 55 Омск 21-я Амурская 46б|24 527,1|0|
ТОРГСЕРВИС 55 Омск Заводская 10|35 675,39|0|
ТОРГСЕРВИС 55 Исилькуль Пригородная 18|39 781,68|0|
ТОРГСЕРВИС 55 Одесское с, Дылько ул 81А|39 300,24|0|
ТОРГСЕРВИС 55 Калачинск Вокзальная 37 пом 2П|95 168,09|0|
ТОРГСЕРВИС 55 Тюкалинск, Магистральная 2-я ул, 3, 3|0|-3 494,3|
ТОРГСЕРВИС 55 Омск Мира 69Ю|30 281,05|0|
ТОРГСЕРВИС 55 Марьяновка рп, Пролетарская ул, 74А|42 060,5|0|
ТОРГСЕРВИС 55 Оконешниково рп, Коммунистическая ул 84А|103 898,27|0|
ТОРГСЕРВИС 55 Омск Железнодорожная 1д|15 352,37|0|
ТОРГСЕРВИС 55 Омск Шебалдина 60 пом 5|31 432,23|0|
ТОРГСЕРВИС 55 Омск Химиков 47б|16 362,81|0|
ТОРГСЕРВИС 54 Седельниково Дорожная 22|30 350,7|0|
Элемент-Трейд Оловозаводская, 15|2 748,31|0|
ХОЛДИНГ ПРОТЭК ООО|0|-1 127 991,9|
Агроторг Петухова, 38А|3 195,69|0|
ЦЕНТРРЕГИОНВОДХОЗ ФГБВУ|760 385|0|
ТОРГСЕРВИС 22 Новоалтайск г, Промплощадка, 5|69 940,16|0|
ТОРГСЕРВИС 22 Барнаул Павловский тракт 313/2|12 571,71|0|
АБС ООО|1 050|0|
Элемент-Трейд Пришвина 1А|2 473,1|0|
ТАНДЕР Александра Ерёмина 40/6|27 700,29|0|
ТАНДЕР В.Высоцкого 45/1|90 906,91|0|
МГЛ МЕТРО ГРУП ЛОГИСТИКС ООО Петухова 71|211 544,06|0|
Агроторг Флотская 17А|4 556,21|0|
ПАПА КАРЛО ООО Лазурная 4/3|9 750,42|0|
Агроторг Толмачевский с/с, Толмачево с, Звездная 1б|4 685,74|0|
Агроторг Магистральная ул 47|17 662,55|0|
Агроторг Бориса Богаткова 251А|12 344,84|0|
РЕАЛ ФИШ ООО|0|-83 682|
Жданкин ПВ  ИП Зыряновская 55|2 003,54|0|
Сеть Жданкин ПВ  ИП|0|-2 140,57|
МАРКЕТ ООО|0|-1 571 377|
ПРОФЕССИОНАЛЬНЫЕ БИОТЕХНОЛОГИИ ООО|0|-3 179 401,6|
БРАВО ООО|0|-71 250|
ТАНДЕР Зорге, 227а|38 197,76|0|
ТАНДЕР Дмитрия Шмонина, 10/1|62 837,33|0|
Болтрукевич Алексей Владимирович  Новосибирск г, Балтийская ул, 29|70 752,81|0|
Болтрукевич Алексей Владимирович  Искитим г, Южный мкрн, 30А|20 781,98|0|
Ситилинк ООО|0|-517 950,3|
ТОРГСЕРВИС 22 Рубцовск г, Комсомольская ул, 73|150 947,75|0|
Агроторг Немировича-Данченко, 147/3|10 574,66|0|
Агроторг Добролюбова, 162/1|8 191,48|0|
Агроторг Игарская, 16|9 295,76|0|
ПТК ЗВТ ООО|0|-1 980 382,8|
ТОРГСЕРВИС 54 Северное с, Октябрьская ул, 35|14 705,68|0|
ТАНДЕР Серебренниковская ул, 14|60 029,1|0|
ТАНДЕР Шмидта ул, 4|35 373,53|0|
ЛДК ООО|0|-2 109 190,33|
Элемент-Трейд Олеко Дундича 3|3 154,05|0|
Болтрукевич Константин Владимирович Приморская 30А|53 578,87|0|
Казанцева Раиса Михайловна ИП|0|-103,48|
ТАНДЕР Беловежская 4|101 492,54|0|
ТОРГСЕРВИС 342 Кемерово, Кузнецкий пр-кт 36 пом 1|17 751,13|0|
ТОРГСЕРВИС 54 Куйбышев, Шишкова 2 (ВТ)|29 849,72|0|
РЕГИОН ООО РЦ|0|-185 458,17|
АРКАДИЯ ООО Пасечная, 10|0|-15 641,88|
ЭВОТОР ОФД ООО|1 966,01|0|
Агроторг Фрунзе 5|10 310,12|0|
БИЦЕРБА РУС ООО|0|-16 111,67|
Даньшин Евгений Викторович ИП Романова, 28|0|-5 443,3|
ТОРГОВЫЙ ДОМ ФЛАГМАН ООО Красноярск, Дальняя 3 стр 1|0|-136 625,92|
Агроторг Дуси Ковальчук, 89|6 756,05|0|
Агроторг Мичуринский с/с, Элитный п, Березки мкр (Зорге, 221 корп 2)|12 459,9|0|
Агроторг Горский мкр 42|6 140,43|0|
Сеть КАМЕЛОТ-А ООО (РЦ) МО Толмачевский сельсовет, Платформа 3307 км, д 16 корпус 6|11 990 480|0|
Агроторг Петухова 12/4|5 960,59|0|
Агроторг 3-ий бронный переулок (Бронная 47, к1)|4 356,93|0|
Агроторг Первомайская ул 236/2|15 994,32|0|
ТАНДЕР Владимировская, 23|127 680,17|0|
ТАНДЕР Забалуева 21/1|36 474,16|0|
ГАЗПРОМНЕФТЬ-РЕГИОНАЛЬНЫЕ ПРОДАЖИ ООО|342 931,47|0|
НАЛИМОВ К.П. Кемерово г, Кузнецкий пр-кт, 250б|525 053,38|0|
НАЛИМОВ К.П. Новокузнецк г, Авиаторов пр-кт,13/2|2 235 644,79|0|
ТОРГСЕРВИС 22 Родино с, Карла Маркса ул, 95|73 795,5|0|
ТОРГСЕРВИС 22 Смоленское с, Горная ул, 14А|163 654,23|0|
ТОРГСЕРВИС 54 Красный Яр рп, Дорожная ул, 13|34 978,22|0|
ТАНДЕР Тогучин, Вокзальная 29|56 994,12|0|
ТАНДЕР Титова 246/2|129 245,33|0|
ТОРГСЕРВИС 54 Таврическое рп, Магистральная ул, 2К|50 033,82|0|
ТАНДЕР Тюленина ул, 23/1|135 169,15|0|
ТАНДЕР Новоалтайск , Прудская ул, дом 1 А|327,88|0|
Завод упаковки|0|-49 050|
НовоКом ИНН 5402583954|0|-41 450|
Рябов В.Б._экс-р|1 614,3|0|
ТАНДЕР Барышево с, Ленина ул, № 245а|46 213,56|0|
ТАНДЕР Комсомольская ул,  № 2|88 439,74|0|
ОТО Новосибирск|0|-2 220|
ТАНДЕР Кочубея ул, дом № 7/1|44 734,33|0|
ТАНДЕР Эйхе ул, дом № 13|39 652,82|0|
ТАНДЕР Дзержинского пр-кт, 9|60 897,8|0|
ТАНДЕР Бердск г, Лунная ул, дом № 21|37 457,82|0|
ТАНДЕР Барнаул, Пионеров ул, дом № 1, 1пом., Н-2|3 029,23|0|
Евсинская птицефабрика|0|-300 000|
Глобус ЗАО Орджоникидзе ул, 31|7 909,95|0|
Продснаб ИНН 5408294170|0|-139 500|
ТАНДЕР Ударная ул,  № 25/1|48 518,88|0|
Отдел судебных приставов по Заельцовскому р-ну|500|0|
ТОРГСЕРВИС 54 Верх-Тула с, Рабочая ул, 20|46 120,92|0|
ПРОСТОР 103 Прокопьевск г, Шишкина ул, 9|108 723,1|0|
ТОРГСЕРВИС 54 Знаменский район, Знаменское с, Мира ул 30, пом 2п|26 097,1|0|
ТОРГСЕРВИС 54 Омск Семиреченская 130|14 893,74|0|
ТОРГСЕРВИС 22 Бийск г, Иркутская ул 12|64 026,32|0|
Элемент-Трейд Бердск, Микрорайон, 34/2|3 384,83|0|
СИБИРЬ ООО (Левобер./Верх-Тула)|6 256,09|0|
ДИЕТА + ООО|0|-7 515 825,09|
ТК РУССКИЙ ПРОДУКТ ООО|0|-432 311|
Сеть БЛАНШ ООО Бориса Богаткова 171/6|0|-124|
ТАНДЕР Барабинск Ермака 12 (ВТ)|22 124,83|0|
ТАНДЕР Татарск Школьный пер 5А (ВТ)|36 757,57|0|
ТАНДЕР Барабинск Карла Маркса 119 (ВТ)|33 854,87|0|
ТАНДЕР Татарск Ленина 99 Б (ВТ)|30 756,64|0|
ТАНДЕР Усть-Тарка Комсомольская 42|0,08|0|
ТАНДЕР Куйбышев 1-й кв-л 13 (ВТ)|30 072,91|0|
ТАНДЕР Чаны Победы 32/1 (ВТ)|71 849,48|0|
ТАНДЕР Купино Советов 140 (СР)|20 006,37|0|
ТАНДЕР Куйбышев Краскома 5А (ВТ)|26 239,4|0|
ТАНДЕР Куйбышев 13-й кв 6 (ВТ)|43 543,25|0|
ТАНДЕР Куйбышев Коммунистическая 53 (ВТ)|54 953,11|0|
ТАНДЕР Барабинск Кирова 9Д (ВТ)|23 583,48|0|
ТАНДЕР Купино Советов 2В (СР)|23 165,65|0|
ТАНДЕР Чистоозерное Дзержинского 27|87,42|0|
ТАНДЕР Чаны Комсомольская 15 (ВТ)|15 935,32|0|
ТАНДЕР Татарск Ленина 79 (ВТ)|14 219,12|0|
Плющихинский ТД Татьяны Снежиной ул, 43|41 551,37|0|
Плющихинский ТД Виктора Шевелева 18|3 142,97|0|
Плющихинский ТД Виталия Потылицына ул, 1|10 019,17|0|
РТС-ТЕНДЕР ООО|2 922,43|0|
ИВЕНТ СЕРВИС ООО Ядринцевская 14 (Кафе Парадиз)|0|-93,55|
Гуляева Елена Сергеевна ИП (сеть)|0|-2 367,96|
АК БАЗА ООО|0|-1 668|
ТРЕЙДКОМФОРТ-СИБИРЬ ООО|0|-101 286|
Болтрукевич Константин Владимирович Толмачево с, Победы ул, 2|18 479,41|0|
Антонов Андрей Юрьевич ИП|409,4|0|
ГОЛД ПАК ООО|0,1|0|
ТОРГСЕРВИС 22 Белокуриха г, Бийская ул, 30 пом 3|92 413,59|0|
БМПРЕМИУМ ООО|273 732,79|0|
Окулова Зоя Сергеевна ИП Станционная 30 А цех 6|73 960,98|0|
Шморгунова Елена Александровна ИП Карла Маркса, 4|48 900|0|
Агроторг Линейная 120|5 368,01|0|
Элемент-Трейд Блюхера 71в|5 890,35|0|
Созвездие Фадеева 66|1 788,05|0|
Созвездие Татьяны Снежиной 27/3|4 021,53|0|
Созвездие Дунаевского 14|4 899,8|0|
Тиннер Кошурникова 22/3|3 020,53|0|
Серёгин Сергей Викторович  ИП (5ОПТ)|0|-11 258,09|
ТАНДЕР Барнаул, Энтузиастов ул 28 пом Н1|384,75|0|
ТАНДЕР Красина 54|44 792,13|0|
ТАНДЕР 3 Интернационала 155|153 117,55|0|
ТАНДЕР Мошково рп, Пушкина ул, 1|56 794,28|0|
Болтрукевич Алексей Владимирович  Линево рп, Листвянская ул. 6А|17 763,22|0|
Агроторг Бетонный переезд 2|16 761,41|0|
ТОРГСЕРВИС 54 Искитим Кооперативная 28|77 516,59|0|
Фахрутдинова АА ИП Советская 18 (подвал)|0|-5 350,18|
Агроторг Выборная 99/11|5 848,66|0|
Матвеева Галина Николаевна ИП  Ипподромская 18|0|-3 031,88|
Болтрукевич Константин Владимирович Кошурникова 47|37 990,82|0|
Малаева Елена Сергеевна ИП (5-ОПТ)|0|-78 569,19|
ТОРГСЕРВИС 22 Завьялово, Мичурина ул, 23 стр 5|111 265,21|0|
ТОРГСЕРВИС 22 Бийск г, Матросова 30 пом 1|67 940,92|0|
АЛТАЙХЛЕБ ООО|252 603|0|
Агроторг Пермская 27|5 712,53|0|
Егунова ИВ  ИП Красный пр-кт 323/14|0|-1 639|
Сеть ЕВРОЛОГИСТИК ООО|104 810,68|0|
Агроторг Макаренко 25|10 048,09|0|
ТАНДЕР Виктора Уса 11В|53 835,79|0|
СПЕКТР-С ЗАО|0|-337,48|
ИШИМСКИЙ МЯСОКОМБИНАТ ООО|4 455,55|0|
ПРОДТОРГ ООО Каменка с, Близкий мкр, дом №503 (Магазин Фасоль)|0|-608,82|
АФИН ООО Немировича-Данченко 120/5|13 405,23|0|
Цитович Павел Павлович ИП Ключ-Камышенское Плато 14/1|2 621,96|0|
ЕВРОЛОГИСТИК  Некрасова 41|44 539,98|0|
ЦЕХ ООО Северный проезд 3/6|0|-952,22|
ТЕХНОКЛИП ЗАО|0|-1 554 694,8|
ТОРГСЕРВИС 22 Камень-на-Оби г, 2-й ж/д переезд тер, 41|30 454,92|0|
ТОРГСЕРВИС 54 Тяжинский пгт, Мичурина ул 15Б|17 479,08|0|
ФУДЖИ ООО Новая заря 2А|1 527,06|0|
ТОРГСЕРВИС 22 Бийск г, Л. Толстого 111 113|58 899,95|0|
Элемент-Трейд 1-я Чулымская 119Б|11 649,33|0|
ФУДЖИ ООО ИНН 2722081700|0|-30,65|
Русинов Кирилл Владимирович_экс-р|1 145,79|0|
ПТ ТРЕЙД ООО|0|-808 508,44|
Агроторг Челюскинцев 14/2|10 091,83|0|
Агроторг Сибиряков-Гвардейцев ул 17/1|20 575,89|0|
Агроторг Кочубея 3/1|4 873,94|0|
ТОРГСЕРВИС 54 Москаленки рп, Пионерская ул, 4|29 748,17|0|
Агроторг Оловозаводская, 18/4|3 670,47|0|
Грязнова Юлия Михайловна|117 011|0|
Сеть Моисеенко Михаил Васильевич ИП (5ОПТ)|0|-85 085,27|
УМНЫЙ РИТЕЙЛ Гурьевская 64Б|156 126,75|0|
УМНЫЙ РИТЕЙЛ Урманова 7|54 335,62|0|
УМНЫЙ РИТЕЙЛ Троллейная 22/1|93 052,03|0|
УМНЫЙ РИТЕЙЛ Ватутина 11|91 800,69|0|
УМНЫЙ РИТЕЙЛ Горский мкр 53|132 773,51|0|
УМНЫЙ РИТЕЙЛ Высоцкого 45/1|75 910,94|0|
УМНЫЙ РИТЕЙЛ Ельцовская 2|69 311,12|0|
УМНЫЙ РИТЕЙЛ Некрасова 41|148 707,34|0|
УМНЫЙ РИТЕЙЛ Дзержинского 2|139 111,63|0|
УМНЫЙ РИТЕЙЛ Вертковская 5/1|85 477,07|0|
Красритейл Мира 61|267 493,75|0|
Сеть УМНЫЙ РИТЕЙЛ ООО|0|-1 804 695,88|
ТАНДЕР Тогучин, Ломоносова 78А|35 799,64|0|
ТОРГСЕРВИС 22 Барнаул Балтийский 1-й проезд 12|31 355,6|0|
УМНЫЙ РИТЕЙЛ Галущака 4|120 161,7|0|
Минин Сергей Юрьевич ИП 1905 года ул, дом № 69|283,56|0|
Гунгер А.Ю.ИП Гоголя 13|11 234|0|
ТОРГСЕРВИС 54 9-й Гвардейской Дивизии ул 11Б|38 481,48|0|
Бояринцева Юлия Валерьевна ИП Ивана Севастьянова 5|9 125,41|0|
УМНЫЙ РИТЕЙЛ Семьи Шамшиных 16|159 665,1|0|
Сеть САННИДЭЙГРУПП-ФРАНЧАЙЗИНГ ООО|0|-64 864,05|
САННИДЭЙГРУПП-ФРАНЧАЙЗИНГ ООО Холодильная 31|183 582,9|0|
Сеть ПВ-СИБИРЬ ООО|1 020 881,41|0|
Пивняк Наталья Николаевна ИП|150 000|0|
БАЛТИЙСКИЙ ЛИЗИНГ АО|148 444,8|0|
УМНЫЙ РИТЕЙЛ Новогодняя 12/1|118 743,29|0|
МАГИЯ ВКУСА ООО Лазурная 14|9 139,1|0|
Красритейл Прокопьевск, Правды ул, 6|457 364,41|0|
Сумин Владимир Евгеньевич ИП|178 349|0|
Агроторг Земнухова 5/2|5 138,89|0|
Агроторг Карла Маркса пл 1|8 693,79|0|
Агроторг Мира 23|13 987,6|0|
Агроторг Пригородная 11|9 858,15|0|
УМНЫЙ РИТЕЙЛ Богдана Хмельницкого 16|102 901,66|0|
Элемент-Трейд Бердское шоссе 548|7 269,36|0|
ТОРГСЕРВИС 22 Барнаул Балтийская 16 пом 1|68 583,22|0|
УМНЫЙ РИТЕЙЛ Фрунзе 2|137 676,39|0|
УМНЫЙ РИТЕЙЛ РЦ  Обь г, 3307 км  30 В1|492 402,74|0|
Рязанова Ю.П. ИП Ударная 33/1|0|-436,71|
ПВ-СИБИРЬ ООО Междуреченск г, Строителей пр 48|34 474,65|0|
ПВ-СИБИРЬ ООО Мыски, 50 лет Пионерии 2Б|26 939,53|0|
ПВ-СИБИРЬ ООО Ордынское рп Мира 67|37 706,33|0|
ПВ-СИБИРЬ ООО Рубцовск Комсомольская 250, 1|37 004,7|0|
ПВ-СИБИРЬ ООО Славгород, Ленина, 177|23 808,25|0|
ПВ-СИБИРЬ ООО Татарск, Ленина ул, 104|43 637,89|0|
ПВ-СИБИРЬ ООО Топки, Горная ул. 1г/3|24 474,68|0|
ПВ-СИБИРЬ ООО Алейск Пионерская 158|79 775,25|0|
ПВ-СИБИРЬ ООО Барабинск, Маслова ул 8|31 504,06|0|
ПВ-СИБИРЬ ООО Бийск, Иркутская ул 1/35|6 198,32|0|
ПВ-СИБИРЬ ООО Асино г, 9 Мая ул, 46/1|13 622,66|0|
ПВ-СИБИРЬ ООО Горно-Алтайск г, Ленина ул, 222|44 548,86|0|
ПВ-СИБИРЬ ООО Каргат г, Советская ул, 158|47 418,59|0|
ПВ-СИБИРЬ ООО Обь г, Строительная ул, 100|43 081,11|0|
ПВ-СИБИРЬ ООО Томск г, Мичурина ул, 99и|2 108,5|0|
ПВ-СИБИРЬ ООО Камень-на-Оби г, Ленина ул 23/1|19 966,43|0|
ПВ-СИБИРЬ ООО Киселевск, Томская ул, 20, 1|34 557,95|0|
ПВ-СИБИРЬ ООО Куйбышев г, Володарского ул, 1/3|40 814,31|0|
ПВ-СИБИРЬ ООО Кулунда с, Советская ул, 29а|13 216,4|0|
ПВ-СИБИРЬ ООО Мариинск г, Ленина ул, 89|21 399,16|0|
УМНЫЙ РИТЕЙЛ Макаренко 25|72 595,7|0|
УМНЫЙ РИТЕЙЛ Новая Заря 25/1|63 357,56|0|
Элемент-Трейд Федосеева 14|6 549,97|0|
Бигдай Ирина Владимировна ИП Палласа 35|120,71|0|
УМНЫЙ РИТЕЙЛ Тельмана 11|62 476,06|0|
УМНЫЙ РИТЕЙЛ Красный проспект 165|126 518,46|0|
Элемент-Трейд Есенина 1Г|5 297,55|0|
Элемент-Трейд Барышево с, Ленина ул, 208|5 851,78|0|
ТОРГСЕРВИС 54 Двуречье п, Пархоменко ул, 30|33 794,42|0|
ЕВРОЛОГИСТИК  1-е Мочищенское ш, 6|149 228,43|0|
ТОРГСЕРВИС 54 Зорге 197|21 041,69|0|
Агроторг Бориса Богаткова 191|5 392,08|0|
Агроторг Титова, 258|11 421,53|0|
ПВ-СИБИРЬ ООО Искитим г, Чкалова 2|21 968,82|0|
Сеть ИНВЕСТ РЕСТОРАЦИЯ ООО|382 321,48|0|
Сеть ПЕРСПЕКТИВА ООО|319 887,9|0|
ИНВЕСТ РЕСТОРАЦИЯ ООО Кошурникова 24/1 пом 1,2,3|55 974,73|0|
ПЕРСПЕКТИВА ООО Троллейная 2|23 661,67|0|
ИНВЕСТ РЕСТОРАЦИЯ ООО Выборная 142/3|48 561,56|0|
ИНВЕСТ РЕСТОРАЦИЯ ООО Плановая 75/2|40 037,11|0|
ИНВЕСТ РЕСТОРАЦИЯ ООО Бориса Богаткова 194/11|25 277,54|0|
ПЕРСПЕКТИВА ООО 1905 года 19/1|51 432,19|0|
ПЕРСПЕКТИВА ООО 25 лет Октября 22|30 946,97|0|
РАССВЕТ ООО|0|-22 187,42|
ТОРГСЕРВИС 54 Александра Еремина 38/6|103 410,8|0|
УМНЫЙ РИТЕЙЛ Бердск Ленина 90|69 824,05|0|
Агроторг Бердск, Первомайская 26|1 757,95|0|
ТОРГСЕРВИС 55 Омск 4-я Транспортная ул, 2А|14 709,08|0|
ТАНДЕР Одоевского 11|46 271,75|0|
Сеть ФАСОЛЬ-НСК ООО |0|-28 763,01|
ТОРГСЕРВИС 55 Полтавка рп, Победы ул, 155Д|74 341,32|0|
ФАСОЛЬ-НСК ООО Дачное ш 22/1|26 505,52|0|
Мерзликин Роман Владимирович ИП (5ОПТ)|14 091,47|0|
ФАСОЛЬ-НСК ООО Немировича Данченко 146/2|51 315,28|0|
Моисеенко Михаил Васильевич ИП Айхал п, Амакинская 14|17 491,37|0|
Моисеенко Михаил Васильевич ИП Айхал п, Юбилейная 4|39 620,43|0|
Моисеенко Михаил Васильевич ИП Айхал п, Юбилейная 6|31 204,22|0|
Агроторг Александра Еремина 8/6|6 417,74|0|
Сеть Карлина Елена Васильевна ИП |0|-12 644,08|
Карлина Елена Васильевна ИП Ударная 27/2|15 884,84|0|
Карлина Елена Васильевна ИП Кудряшовский с/с, Дзержинец НСТ, Центральная ул, дом № 1А|13 904,04|0|
ХОЗЯЮШКА - ПЛЮС ООО Эйхе 9А/1|0|-3 401,04|
СВОЙ ООО Гоголя 205|9 848,16|0|
ТОРГСЕРВИС 22 Залесово, Ленинская 81/2|77 484,47|0|
ТОРГСЕРВИС 22 Барнаул Советской Армии 171А|48 873,21|0|
ТОРГСЕРВИС 142  Томск Большая Подгорная 222|9 728,63|0|
Болтрукевич Алексей Владимирович  Черепаново, Пролетарская 97А/2|2 879,13|0|
ГЛОБАЛ-МАРКЕТ ООО Кропоткина 263|54 007,28|0|
Сеть ГЛОБАЛ-МАРКЕТ ООО |125 557,98|0|
Агроторг Кольцово рп, Никольский пр-кт 12 пом 2|4 481,59|0|
Красритейл Садовый п, Пасечная ул 14, 2 пом П2 |212 520,11|0|
ТОРГСЕРВИС 55 Омск, 20 лет РККА ул, 300|0|-4 780,4|
ИНВЕСТ РЕСТОРАЦИЯ ООО Кубовая 108/3|29 164,45|0|
ИНВЕСТ РЕСТОРАЦИЯ ООО Кольцово, пр Академика Сандахчиева 9|44 303,4|0|
ИНВЕСТ РЕСТОРАЦИЯ ООО Вилюйская 17|23 512,04|0|
ИНВЕСТ РЕСТОРАЦИЯ ООО 1905 г, 69|57 652,88|0|
Митюкова Светлана Петровна ИП Кольцово рп, 1 Б|17 105,83|0|
Агроторг Железнодорожная 22|8 400,43|0|
УМНЫЙ РИТЕЙЛ Троллейная 128/2|63 881,56|0|
Белковская Мария Владиславовна ИП Карьермочищенская ул 3|0|-887,25|
Таскаев Александр Владимирович ИП Каменка с, Заводская ул, дом № 28, корпус 1|0|-8 631,23|
ПРОСТОР 103 Омск 26-я Северная 13А|47 039,99|0|
Красритейл Омск 22 Партсъезда 51Б|56 211,84|0|
ПРОСТОР 103 Омск 10 Лет Октября 182 корп 4|29 399,45|0|
Агроторг Забалуева 22|3 698,29|0|
ТАНДЕР Обь, ЖКО Аэропорта ул 28/4|22 030,37|0|
ТАНДЕР Карасук г, Союзная ул, 23А (ВТ)|22 987,09|0|
Агроторг Земнухова 6/3|7 114,07|0|
ТАНДЕР Заслонова 13/1|41 022,94|0|
Сеть КАНДЫК|0|-1 417,32|
КАНДЫК Невельского 1/1|1 409,84|0|
Красритейл Омск 24 Линия 59|30 656,26|0|
М-ФУД ООО Большевистская 119|312 973,73|0|
Агроторг Дуси Ковальчук, 248|8 670,24|0|
ИНВЕСТ РЕСТОРАЦИЯ ООО Высоцкого 39/5|37 321,39|0|
ГАРАНТ-ТРЕЙД ООО|0|-9 192,21|
УМНЫЙ РИТЕЙЛ 9-й Порт-Артурский пер 76|53 148,83|0|
ТОРГСЕРВИС 55 Муромцево рп, Кирова 71|64 281,37|0|
Новиков Максим Викторович ИП|222 621|0|
Агроторг Александра Чистякова 7А|13 869,79|0|
ИРБИС ООО Отрадная (Сн П Чистые Луга Тер. Сн ул)|0|-0,01|
ПВ-СИБИРЬ ООО Тальменка рп Куйбышева ул 95Ж|67 943,77|0|
ГЕА ФАРМ ТЕХНОЛОДЖИЗ РУС ООО|101 347,29|0|
ФАКТОРИЯ ООО |0|-23 188,49|
ПЕРСПЕКТИВА ООО Горский мкрн 64/1|50 503,64|0|
ПЕРСПЕКТИВА ООО Шевченко 34/1|23 212,53|0|
ПЕРСПЕКТИВА ООО Пархоменко 21|28 435,61|0|
ПЕРСПЕКТИВА ООО Гидромонтажная 44|37 256,65|0|
ПЕРСПЕКТИВА ООО Забалуева 58|26 535,04|0|
УМНЫЙ РИТЕЙЛ Бориса Богаткова 191|131 117,92|0|
Сеть Гунгер А.Ю.ИП  |0|-4 278,12|
Красритейл Омск Кирова 53|54 042,69|0|
Барышников Александр Леонидович_экс-р|2 285,57|0|
ЧЕМПИОН ООО Бориса Богаткова 213|0|-81 653,1|
ЗВЕЗДОЛЕТ ООО Челюскинцев 18/1|0|-655,66|
ВИКТОРИУМ ООО (сеть)|0|-391,38|
Сеть ЯНДЕКС.ЛАВКА ООО|201 916,16|0|
Агроторг Андриана Лежена 14/1|7 423,6|0|
КОМПАНИЯ С ООО Ленина 25 (Сыроварня)|0|-184,19|
Агроторг Выборная 122/3|5 416,37|0|
ПЕРСПЕКТИВА ООО Громова 15|18 522,06|0|
Красритейл Барнаул, Павловский тракт 188|137 398,05|0|
АХВ ООО (НЕ для оплат)|0|-27 500|
ПЕРСПЕКТИВА ООО Гоголя 43/1|37 639,42|0|
ПЕРСПЕКТИВА ООО Комсомольская 16|24 937,21|0|
ИНВЕСТ РЕСТОРАЦИЯ ООО Каменская 44|51 429,13|0|
ИНВЕСТ РЕСТОРАЦИЯ ООО Кирова 108|38 839,17|0|
ВПФ ООО Тенистая 20|10 045,25|0|
ТАНДЕР Республиканская 11|14 196,44|0|
Агроторг Бердск Краснофлотский пер 1|7 058,67|0|
Тюрин Даниил Юрьевич ИП Краснообск 232|10 742,7|0|
ТАНДЕР Гребенщикова, 4/1 ММ Хамельн|44 283,72|0|
ПВ-СИБИРЬ ООО Поспелиха с, Гончарова ул, 60|24 398,62|0|
ЗАПАДНО-СИБИРСКОЕ УГМС ФГБУ|1 814,72|0|
ТОРГСЕРВИС 22 Яровое г, Комарова ул, 4Г|89 882,34|0|
ПВ-СИБИРЬ ООО Шипуново с,  Садовая ул, 1В|13 905,93|0|
Агроторг Зорге 191|6 311,95|0|
Русская Компания Развития Каменская 7/1 (РДС АО)|44 788,63|0|
Агроторг Озерный п, Промышленная 2А к 2|10 120|0|
Безрученков Евгений Геннадьевич ИП Ключ-Камышенское плато 5А|2 108,64|0|
МОИСЕЕВ ИВАН КУЗЬМИЧ ( 5-ОПТ ) ИП|0|-168 749,69|
Мартынов Михаил Анатольевич ИП|1 613 480|0|
Красритейл Толмачевская 15/1|401 900,92|0|
ТАНДЕР Стартовая 1|16 440,37|0|
ТАНДЕР Тульская 80|20 597,28|0|
ХОХЛОМА ООО Жуковского 123,1|16 716,71|0|
ГОРОДЕЦ ООО Гоголя 38|6 808,26|0|
МАКСИ ООО Танковая 1|6 533,83|0|
МАЛАХИТ ООО Вокзальная магистраль 15|3 296,26|0|
АЛФПИП ООО (А ЛЯ Ферме Продукты и Пекарня) Максима Горького 12|0|-1 956,46|
ПВ-СИБИРЬ ООО Анжеро-Судженск Коминтерна 26|4 585,29|0|
ПВ-СИБИРЬ ООО Камень-на-Оби Гагарина 111|15 107,53|0|
Сеть Безрученков Евгений Геннадьевич |0|-7 008,98|
Бажина Ирина Ивановна ИП Окружная 27 (ТК Молния Транс, Г)|0|-71,85|
НВК ООО Станционная 2|2 267,38|0|
Агроторг Котовского 48А|2 401,78|0|
Агроторг Кудряшовский дп Светлая 37|23 017,05|0|
Красритейл Горно-Алтайск Бийская 8|189 215,37|0|
Красритейл Солонцы Котельникова 9 стр 1|65 642,97|0|
Красритейл Красноярск Гайдашовка 32|0|-2 952,35|
Красритейл Красноярск Мужества 10|42 003,19|0|
Красритейл Ачинск пр-д Авиаторов 5А|29 550,53|0|
Красритейл Красноярск 60 лет Октября 90 стр 5|56 803,58|0|
Красритейл Красноярск Норильская 9 стр 25|34 725,31|0|
Красритейл Иркутск 5-й Советский пер. 11Б|148 931,19|0|
Красритейл Иркутск Сергеева 3|116 773,57|0|
Красритейл Иркутск Улан-Баторская 2|148 197,5|0|
Красритейл Иркутск Новаторов 1|115 290,11|0|
Красритейл Иркутск Ширямова 2|82 569,85|0|
Красритейл Ангарск кв 250-й, 9|60 880,75|0|
Красритейл Братск р-н Гидростроитель Ангарская 6|300 973,49|0|
ТОРГСЕРВИС 54 Плахотного 2А корп 3|40 127,76|0|
Лукашов Борис Борисович ИП Пирогова 26|20|0|
Сеть Гришачев А.А. ИП|0|-281,43|
Агроторг Кольцово рп, Никольский пр-кт 8|14 265,24|0|
ПРОСТОР 103 Рубцовск Оросительная 223|306 099,23|0|
Красритейл Красноярск им газеты Красноярский рабочий пт-кт 30А стр 6 пом 4|33 408,02|0|
Красритейл Ангарск кв 124-й, 1 пом 4|112 502,04|0|
Красритейл Кемерово, Попова 26|94 920,4|0|
ПВ-СИБИРЬ ООО Мельниково с, Московская ул 9/1|11 157,5|0|
ТАНДЕР Зорге ул, дом № 18|39 931,37|0|
ТАНДЕР Софийская 12|19 627,39|0|
Безрученков Евгений Геннадьевич ИП Лескова 260|4 658,02|0|
ЯНДЕКС.ЛАВКА ООО Московская 108|37 963,38|0|
ЯНДЕКС.ЛАВКА ООО Костычева 40/2|16 334,44|0|
ЯНДЕКС.ЛАВКА ООО Красноярская 36|113 277,88|0|
ЯНДЕКС.ЛАВКА ООО Глинки 10А|23 909,65|0|
ЯНДЕКС.ЛАВКА ООО Волховская 33А|13 729,08|0|
ЯНДЕКС.ЛАВКА ООО Блюхера 71Б|38 988,89|0|
ЯНДЕКС.ЛАВКА ООО Лазурная 4/3|15 716,85|0|
ЯНДЕКС.ЛАВКА ООО Жуковского 108|44 988|0|
ЯНДЕКС.ЛАВКА ООО Крылова 71/1|40 329,78|0|
ЯНДЕКС.ЛАВКА ООО Военная 9/1|35 296,76|0|
ЯНДЕКС.ЛАВКА ООО Шмидта 4|33 854,18|0|
ЯНДЕКС.ЛАВКА ООО Широкая 1А|16 163,63|0|
ЯНДЕКС.ЛАВКА ООО Троллейная 19/1|12 353,77|0|
ТОРГСЕРВИС 54 Довольное с, Мичурина ул 1 (ПН)|56 227,57|0|
ПЕРСПЕКТИВА ООО Карла Маркса пл 7|38 893,16|0|
ТАНДЕР Магистральная 5Б|73 774,76|0|
ЭЙСИДЖИ ПРО ООО|0|-270 072|
ТОРГСЕРВИС 22 Барнаул Союза Республик ул 44А пом Н1,Н2,Н3|57 420,22|0|
ТОРГСЕРВИС 54 Маслянино Пролетарская 12А|19 820,71|0|
ТОРГСЕРВИС 54 Обь Линейная 126|57 515,55|0|
Плахотная Н.А. ИП Станиславского 7|3 897,82|0|
Сеть ГК ЛИДЕР ООО|0|-431 192,18|
МИЛАН-ТЕКСТИЛЬ ООО|99 310|0|
Красритейл Иркутск Трактовая 5Б|45 316,63|0|
ПВ-СИБИРЬ ООО Ленинск-Кузнецкий г Суворова 19/1 корп 1|12 543,29|0|
Агроторг Сержанта Коротаева 3|5 012,24|0|
Агроторг Полтавская, 27 (22231-Пятерочка)|3 485,48|0|
Халиков Ринат Геннадьевич ИП (сеть)|0|-752,63|
ГЛОБАЛ-МАРКЕТ ООО Красный пр-кт 101|40 219,26|0|
ТОРГСЕРВИС 22 Краснощеково с, Степная ул, 111 пом 2|208 896|0|
ГЛОБАЛ-МАРКЕТ ООО Бердское шоссе 277|64 470,12|0|
УМНЫЙ РИТЕЙЛ Мусы Джалиля 13|135 210,12|0|
УМНЫЙ РИТЕЙЛ Кочубея 7/1|74 629,35|0|
УМНЫЙ РИТЕЙЛ Выборная 125/1|59 410,46|0|
УМНЫЙ РИТЕЙЛ Обская 46|120 747,81|0|
ТАНДЕР 2-я Марата 60|51 204,83|0|
ТАНДЕР Вилюйская 18|27 889,24|0|
ПЛАСТМАСС ГРУПП СИБИРЬ ООО|6 100|0|
Перебоев Антон Викторович ИП|37 500|0|
Сеть Бояринцева Юлия Валерьевна ИП|0|-12 496,14|
Сеть ПВ-СИБИРЬ 2 ООО|113 253,83|0|
ТАНДЕР Красный пр-кт 153|12 173,23|0|
ТАНДЕР Коченево рп, Кузнецкая 95А (ПН)|10 008,52|0|
ПРОСТОР 103 Омск Орджоникидзе 164|29 009,19|0|
ПВ-СИБИРЬ 2 ООО Павловск с, Каменский тракт, 15Б помещение 2|11 983,07|0|
Агроторг 10-й бронный пер 57|10 636,58|0|
Агроторг Озерный п, Солнечный мкр 333А|24 383,89|0|
Агроторг Приобский п, Олимпийская 2А|7 525,79|0|
ТАНДЕР Тогучин, Бригадная 8|6 760,71|0|
ТАНДЕР Обь , Ломоносова ул, дом № 38|38 365,67|0|
ТАНДЕР Баган с, Сибиряков-Гвардейцев ул, 52А|0,06|0|
Лента РЦ Толмачево с, о.п. 3307 км, 16/5 (ПБЛ)|1 941 667,3|0|
Лента РЦ Толмачево с, о.п. 3307 км, 16/7 (ЗПФ)|131 324,66|0|
УМНЫЙ РИТЕЙЛ Барнаул Красноармейский пр-кт 72|174 153,96|0|
УМНЫЙ РИТЕЙЛ Барнаул Северный Власихинский проезд 6|144 572,57|0|
УМНЫЙ РИТЕЙЛ Барнаул Пионеров 11/1|110 674,97|0|
УМНЫЙ РИТЕЙЛ Барнаул Ленина пр-кт 195|71 220,85|0|
УМНЫЙ РИТЕЙЛ Барнаул Взлетная 99|124 785,03|0|
УМНЫЙ РИТЕЙЛ Барнаул Советской Армии 171А|136 002,26|0|
УМНЫЙ РИТЕЙЛ Барнаул Сергея Семенова 10|148 062,17|0|
ТОРГСЕРВИС 54 Твардовского 3|38 362,08|0|
ТОРГСЕРВИС 342 Инской пгт, Технологический мкрн, 2|0|-694|
ТАНДЕР Новокузнецк г, Доз ул 10А (ГМ)|72 244,82|0|
Чинькова Юлия Викторовна ИП|0|-559 946|
ТОРГСЕРВИС 54 Ипподромская 16/1|24 902,55|0|
ТОРГСЕРВИС 54 Здвинск с, Калинина 95|76 609,39|0|
КЛЕН ООО|4 850|0|
ТОРГСЕРВИС 142  Томск Смирнова 9 стр 1|24 405,68|0|
ТОРГСЕРВИС 54 Путевая 8|26 069,76|0|
ТОРГСЕРВИС 54 Дуси Ковальчук 89|200 663,68|0|
ТОРГСЕРВИС 55 Омск 4-я Транспортная ул, 11|14 107,04|0|
Тиннер Гоголя 204/1|1 199,89|0|
Тиннер 1905 г 85/1|4 384,01|0|
Зорин Денис Николаевич ИП|0|-185 808,65|
Красритейл Братск П10 14 01 01, 01|147 649,97|0|
ГК ЛИДЕР ООО Экваторная 2А|145 852,91|0|
ГК ЛИДЕР ООО Титова 246/2|61 472,68|0|
ТОРГСЕРВИС 55 Тевриз Кирова 2|29 597,72|0|
УМНЫЙ РИТЕЙЛ Барнаул Строителей пр-кт 16|125 129,13|0|
ПВ-СИБИРЬ 2 ООО Мошково рп, Народная ул 29|58 280,57|0|
Агроторг Декабристов 10|14 783,98|0|
ТОРГСЕРВИС 22 Романово, Ленинская ул, 70А|63 710,19|0|
Агроторг Забалуева 84/1|3 869,79|0|
ЯНДЕКС.ЛАВКА ООО Богдана Хмельницкого 72|20 997,46|0|
ТОРГСЕРВИС 55 Большеречье, Советов ул 33|29 745,26|0|
АТЭСКО СИБИРЬ ООО|0|-1 128|
ТВЗХО ООО|40 500|0|
МАРИНС ПАРК ОТЕЛЬ НОВОСИБИРСК ООО Вокзальная магистраль ул, дом № 1|132 771,81|0|
ЦКО И БТИ ГБУ НСО|7 950,36|0|
СТС ООО (5406531121)|2 459 178,07|0|
Жемчужников К.В. ИП Тюменская 4 корп 8|0|-6 818,91|
ГК ЛИДЕР ООО Юности 1/1|90 320,31|0|
ГК ЛИДЕР ООО Лейтенанта Амосова 69А|91 438,13|0|
ПРЕМЬЕР ООО|0|-87 500|
ЭРГО СТАЛЬ ООО|0|-11 800|
МОЛКОМБИНАТ КОЧЕНЕВСКИЙ ООО|0|-15 400|
ГК ЛИДЕР ООО Одоевского 1/12|300 689,06|0|
Агроторг Кудряшовский дп Центральная 2|9 217,62|0|
Агроторг Гаранина 29|11 362,7|0|
Катаева Ольга Сераждиновна ИП Союза Молодежи, дом 1 а|9 330,29|0|
Тащилин Евгений Александрович ИП Вяземская ул, дом 3|8 638,5|0|
ТОРГСЕРВИС 142  Томск Мичурина 47|17 902,88|0|
ТАНДЕР Зорге, 219А|38 217,21|0|
Митюков Владимир Аркадьевич ИП Кольцово, Никольский пр-кт 14|4 251,65|0|
ТАНДЕР Лесосечная ул|80 849,64|0|
ТРИНИТ ПЛЮС ООО (сеть)|1 669,44|0|
Агроторг Лобачевского 57|6 136,15|0|
ТАНДЕР Садовый п, Пасечная ул 11 (РЦ Новосибирск)|571 419,39|0|
ТОРГСЕРВИС 55 Русско-Полянский р-н, Русская поляна рп, Проллетарский пер 61|46 585,13|0|
Элемент-Трейд Виктора Уса 11В|2 057,71|0|
ЯНДЕКС.ЛАВКА ООО Бориса Богаткова 206|32 214,79|0|
ЯНДЕКС.ЛАВКА ООО Грибоедова 2Б|13 193,19|0|
ЯНДЕКС.ЛАВКА ООО Аникина 35|10 860,04|0|
КОМБИНАТ ПОЛУФАБРИКАТОВ СИБИРСКИЙ ГУРМАН ООО|0|-144 976|
ЧИСТОГОРСКИЙ ООО СПК|143 694,8|0|
Агроторг Новолуговое с, Андреева ул|16 996,59|0|
МАРС ООО (Хамовники) Обь, Территория Аэропорт Толмачево|6 743,34|0|
Львова Ирина Владимировна ИП Зорге 191|100,75|0|
УМНЫЙ РИТЕЙЛ Кубовая 40/1|38 125,54|0|
АУРУМ ООО|0,02|0|
ТАНДЕР Обь , Строительная ул 19|18 323,15|0|
ТОРГСЕРВИС 54 Венгерово Ленина 215А|84 830,29|0|
ТОРГСЕРВИС 342 Кемерово, Кольцевая 2А|17 882,3|0|
ЭЛЬБРУС ООО Краснообск 80|14 728,73|0|
Бочков Евгений Александрович ИП Русская 7|5 171,25|0|
Агроторг Шукшина 19|6 407,13|0|
ЕНИСЕЙЛОГИСТИКА ООО Красноярск г, Пограничников ул 9|752 648,97|0|
Клименкова Светлана Викторовна ИП|0|-975 000,55|
УМНЫЙ РИТЕЙЛ Зорге 273|86 048,49|0|
ВЕРИТАС ВЬЮ ООО|0|-700 000|
АКАДЕМИЯ КОММЕРЧЕСКАЯ НЕДВИЖИМОСТЬ ООО|280 000|0|
АЛЬФАТЕХНИКС ООО|0|-129 821,4|
ТОРГСЕРВИС 22 Рубцовск г, Карла Маркса ул 214|121 943,2|0|
ТАНДЕР Бориса Богаткова, 138|27 061,58|0|
ТОРГСЕРВИС 54 Карбышева 2|9 601,2|0|
УМНЫЙ РИТЕЙЛ Томск Ленская 31|87 450,64|0|
УМНЫЙ РИТЕЙЛ Томск Косарева 29А|171 497,1|0|
УМНЫЙ РИТЕЙЛ Томск 79-й Гвардейской дивизии 9В|108 798,04|0|
УМНЫЙ РИТЕЙЛ Томск Кирова пр-кт 5 стр 12|122 089,05|0|
УМНЫЙ РИТЕЙЛ Томск Алтайская 76/3|146 157,3|0|
УМНЫЙ РИТЕЙЛ Томск Иркутский тракт 204А|54 870,77|0|
УМНЫЙ РИТЕЙЛ Томск Герасименко 1/6|74 952,47|0|
УМНЫЙ РИТЕЙЛ Томск Новосибирская 28|92 022,86|0|
УМНЫЙ РИТЕЙЛ Томск Батенькова пер 3|193 359,4|0|
УМНЫЙ РИТЕЙЛ Томск Сухоозерный пер 13А|172 787,42|0|
УМНЫЙ РИТЕЙЛ Томск Сергея Вицмана 37|85 684,89|0|
Агроторг Связистов (Связистов 113А)|3 348,78|0|
УМНЫЙ РИТЕЙЛ Новоалтайск Строительная 38|29 447,06|0|
УМНЫЙ РИТЕЙЛ Барнаул Льва Толстого 16А|105 574,02|0|
ЯНДЕКС.ЛАВКА ООО Виктора Шевелева 24|29 654,32|0|
Трифонова Юлия Александровна ИП Кольцово рп, 19|1 626,74|0|
Кузьмина Н.О. ИП (сеть)|2 575,3|0|
СД РЕГИОН 154 ООО (сеть)|35 753,45|0|
ФАВОРИТ ООО (сеть)|29 892,2|0|
Руднев Александр Романович ИП (5 ОПТ)|0|-1 248,4|
ПВ-СИБИРЬ 2 ООО Исилькуль г, Октябрьская ул 9В|39 737,83|0|
Агроторг 2-я Обская ул (ориентир д.3 )|8 906,6|0|
ТОРГСЕРВИС 142  Асино г, Ивана Буева ул, 63|33 098,58|0|
ТАНДЕР Карасук г, Комсомольская ул, 2Г (ВТ)|25 658,34|0|
ФК ЛОГИСТИК ООО Бетонная 16 помещение 75|72 442,71|0|
ЛЕРУА МЕРЛЕН ВОСТОК ООО|13 387|0|
ТАНДЕР Залесского 6 ММ Перекаливание|80 247,61|0|
ТАНДЕР Искитим г, Южный мкр 16|22 834,71|0|
Агроторг Дуси Ковальчук, 238|2 977,69|0|
АЛМАРКЕТ ООО (сеть)|13 202,45|0|
Элемент-Трейд Линево, пр-кт Коммунистический 5|2 041,42|0|
ПВ-СИБИРЬ 2 ООО Омск Мира пр-кт 177|4 847,98|0|
ТАНДЕР Линево рп, Мира пр-кт, 10А|16 907,33|0|
УКТУСТРЕЙД ООО Свердловская обл,Сысертский р-н,Большой исток п,Калинина ул, 1Л|549 338,48|0|
Красритейл Омск Нефтезаводская 38Е|7 808,79|0|
РЕГИОН СЕВЕР ООО Архонский пер 2А|0|-66 266,52|
Аловадинов Хушовар Тураходжаевич ИП Бердск Первомайская 12|520,49|0|
ЯНДЕКС.ЛАВКА ООО Земнухова 5/2|18 275,33|0|
ТАНДЕР Карасук г, Тургенева ул 86 (ВТ)|15 445,1|0|
ПВ-СИБИРЬ ООО Купино г, Набережная ул, 118А|62 270,62|0|
ПВ-СИБИРЬ ООО Новокузнецк г Зыряновская 71|10 300,11|0|
Горшков Георгий Владимирович ИП|15 336|0|
Мишенькина Ольга Борисовна ИП Бердск, с/о Орбита|13 666,94|0|
Физическое лицо|0|-13 012,6|
Ирмень|0|-213 160,9|
Конорс|0|-244 912|
ТАНДЕР Гоголя ул, 13 (ГМ)|314 578,89|0|
ПЭК|0|-5 000|
ТОРГСЕРВИС 54 Энергетиков пр-д 29/1|24 615,24|0|
Красритейл Абакан Павших Коммунаров 50|27 845,75|0|
СИБИРЬ-ТОРГ ООО Линейная 118 склад 1|0|-9 850,56|
Рябова Светлана Вячеславовна ИП Толбухина 41/2|0|-0,15|
Сычев Роман Александрович ИП Толбухина 25/1|4 013,36|0|
Вишникин Кирилл Юрьевич ИП Лескова 15|4 106,07|0|
Хворостинский Андрей Николаевич ИП|14 000|0|
Гатауллин Ренат Фагимович ИП (самовывоз)|18 430,77|0|
КАФЕ ХАМОВНИКИ ООО (самовывоз) Екатеринбург|51,66|0|
СИБИРСКИЙ ХОЛОДИЛЬНЫЙ АГРЕГАТ ООО|232 561,25|0|
Совельева Марина Дмитриевна ИП Забалуева 90 офис 16|2 569,22|0|
ТОРГОВЫЕ СИСТЕМЫ ООО Морской пр-кт 24|33 132,08|0|
Прутковская Екатерина Юрьевна ИП|173 133|0|
Хан Нам Ен ИП|0|-24 654,88|
ТОРГСЕРВИС 22 Горняк г, Октябрьская ул, 23|227 751,87|0|
Красритейл Кемерово, Терешковой 39|2 933,36|0|
ТОРГСЕРВИС 22 Горно-Алтайск г, Строителей ул 5/1|61 475,15|0|
ПРЕМЬЕР-СТРОЙ ООО ГК|6 400|0|
НОВОСИБИРСК-Т ООО (сеть)|0|-55 384,32|
БАЙКАЛ АЛКО ООО Иркутск, Медведева ул, 1|456 381,43|0|
УМНЫЙ РИТЕЙЛ Кемерово Патриотов 33|67 090,57|0|
УМНЫЙ РИТЕЙЛ Кемерово Комсомольский пр-кт 29|59 396,86|0|
УМНЫЙ РИТЕЙЛ Кемерово Строителей б-р 42Г|107 610,8|0|
УМНЫЙ РИТЕЙЛ Кемерово Ленина 130/1|58 561,33|0|
УМНЫЙ РИТЕЙЛ Кемерово Авроры ул 11|86 316,39|0|
УМНЫЙ РИТЕЙЛ Кемерово Кузнецкий пр-кт 36|160 948,53|0|
УМНЫЙ РИТЕЙЛ Кемерово Октябрьский пр-кт 28|106 465,19|0|
УМНЫЙ РИТЕЙЛ Кемерово Сибиряков-Гвардейцев 16|50 029,64|0|
УМНЫЙ РИТЕЙЛ Кемерово Молодежный пр-кт 7|79 218,65|0|
УМНЫЙ РИТЕЙЛ Кемерово Московский пр-кт 11|71 380,91|0|
УМНЫЙ РИТЕЙЛ Кемерово Мичурина 112|98 864,23|0|
УМНЫЙ РИТЕЙЛ Кемерово Михайлова пр-кт 3А корп 2|32 551,54|0|
УМНЫЙ РИТЕЙЛ Новокузнецк Кирова 56 (р-н Центральный)|106 103,71|0|
УМНЫЙ РИТЕЙЛ Новокузнецк Строителей пр-кт 73А (р-н Центральный)|73 645,64|0|
УМНЫЙ РИТЕЙЛ Новокузнецк Пионерский пр-кт 32 (р-н Центральный)|61 990,18|0|
УМНЫЙ РИТЕЙЛ Новокузнецк Тольятти ул 33А (р-н Центральный)|131 281,84|0|
УМНЫЙ РИТЕЙЛ Новокузнецк Ростовская 4 (р-н Куйбышевский)|76 987,44|0|
УМНЫЙ РИТЕЙЛ Новокузнецк Новобайдаевская 2 корп 1 (р-н Орджоникидзевский)|55 857,79|0|
ТОРГСЕРВИС 54 Нижегородская 272 помещ 2|31 241,41|0|
Элемент-Трейд Толмачево Можайского 20А|4 390,18|0|
Элемент-Трейд Марусино с, Горького ул 40/1|9 955,43|0|
СИБИРЬРИТЕЙЛ ООО (сеть)|34 573,78|0|
Агроторг Каменогорская 56|4 399,73|0|
ТОРГСЕРВИС 22 Барнаул Кулагина 26В|53 106,28|0|
БРАТСК РИТЕЙЛ ООО Братск г, п/р п 19, стр 79/1 пом 1 (Промышленная 25/1)|979 418,19|0|
Агроторг Проллетарская 271В|21 680,68|0|
Агроторг Титова, 22А|5 941,23|0|
ИНТЕР СНАБ ООО|0|-190 000|
Сенина Елена Владимировна ИП (сеть)|2 474,72|0|
Элемент-Трейд Выборная, 87/5|2 953,41|0|
Лашманов Иван Геннадьевич_экс-р|8 518,43|0|
Акуленко Александр Александрович _экс-р|304,28|0|
ПОЛИЛИТ ООО|19 600|0|
КОМАНДАРМ ООО|37 120|0|
АБ ГРУПП ООО Вокзальная Магистраль ул 1 (подвальное помещение)|1 792,96|0|
МЯСОКОМБИНАТ РУЗСКИЙ ОАО|0|-91 800|
ТАНДЕР Бердск г, Островского ул, дом № 174|89 549,09|0|
ТАНДЕР Зорге ул, дом № 77а|24 469,08|0|
ТАНДЕР Гнесиных ул, дом № 10/1, помещение 101|96 307,78|0|
ТАНДЕР Барнаул, Юрина ул, 299а|0|-0,01|
ТАНДЕР Челюскинцев ул,  14/1|60 884,99|0|
Шерл Транспортная Компания|12 087|0|
Тиннер Большевистская ул, дом № 128|2 168,27|0|
Филиппова Ирина Анатольевна|102 000|0|
ТАНДЕР Бориса Богаткова,253/4|54 543,5|0|
АДАМАНТ ТЗК|0|-92 300|
Сибирские земли|0|-196 442|
Экохиммаш нск|0|-1 990 515,54|
Бекшенев В.Л._экс-р|5 503,98|0|
ТАНДЕР Бориса Богаткова, 163/11|77 572,75|0|
Тамбовский бекон|1 771,2|0|
ТАНДЕР Доватора,  31|51 835,91|0|
ТАНДЕР Петухова, 14|41 348,76|0|
ТАНДЕР Макаренко, 13/1|54 407,19|0|
Сибирская птица ИНН 5405951846|852,1|0|
О`КЕЙ Красноярск, Сибирский пер, 5а|8 699,77|0|
Восток-Запад|0|-43 715,71|
ЦИП|0|-707,2|
Шаклин|0|-69 533,63|
НСК ТД|0|-84 372,5|
Болтрукевич Константин Владимирович Искитим, Южный мкр,  54|46 368,95|0|
Прищепо  Максим Николаевич|0|-1 950|
ТАНДЕР Новоалтайск, 7 микрорайон, 3а (ГМ)|154 573,24|0|
ТАНДЕР Барнаул, Павловский тракт,  247|1 145,42|0|
ТАНДЕР Барнаул, Петра Сухова, 69, пом. Н-2|0|-0,01|
ТАНДЕР 9-й Гвардейской Дивизии, 9а|48 961,34|0|
Сантерра Сервис|0|-294 000,59|
Строймир|11 332,59|0|
О'КЕЙ Красноярск, 9 Мая, д. 77|21 992,55|0|
Константа|0|-128 240|
Русская Ресурсная Компания-Сибирь|0|-431 981,24|
Региональный орган по сертификации и тестированию|0|-4 720|
Шерстнёв Александр Александрович|0|-600 000|
Атрощенко Марина Сергеевна Пригородная ул, дом 21|0|-555,1|
ОМСКАЯ ГОРОДСКАЯ КОЛЛЕГИЯ АДВОКАТОВ|0|-15 000|
МВ-Вискотекс|0|-380 750|
ПожСтройБезопасность (5406794674)|0|-49 000|
Сеть Агроторг|6 874 482,12|0|
ТАНДЕР Камень-на-Оби г, Красноармейская ул, дом № 81и (ГМ)|110 558,31|0|
ТАНДЕР Яровое г, Барнаульская ул, дом № 55 (ГМ)|87 185,13|0|
СИБИРСКАЯ АГРАРНАЯ ГРУППА, АО АГРАРНАЯ ГРУППА АО|28 774,81|0|
Агроторг Кольцово рп, дом № 28а|12 148,95|0|
Агроторг 25 лет Октября ул, дом № 14, корпус 2|18 351,71|0|
Агроторг Блюхера, 39|6 717,87|0|
Агроторг Громова ул, дом № 21, корпус 1|10 166,83|0|
Агроторг Комсомольская ул, дом № 15|13 533,1|0|
Агроторг Курганская ул, дом № 38, корпус 2|11 043,21|0|
Агроторг Лазурная ул, дом № 24|21 199,51|0|
Агроторг Новосибирская ул, дом № 28|12 977,91|0|
Агроторг Первомайская ул, дом № 45|8 506,55|0|
Агроторг Печатников ул, дом № 6|3 084,02|0|
Агроторг Столетова ул, дом № 8|25 533,56|0|
Агроторг Троллейная ул, дом № 1а|8 343,03|0|
ТАНДЕР Кропоткина, 271|102 128,72|0|
ТАНДЕР Грибоедова, 2/3|100 686,42|0|
Аграрная Группа-Красноярск|1 151,5|0|
Сеть Розница К-1|3 763 910,31|0|
Сеть Элемент-Трейд|598 991,79|0|
Элемент-Трейд Михаила Перевозчикова, 9|9 817,2|0|
Элемент-Трейд Объединения, 80|10 768,85|0|
Элемент-Трейд Доватора, 17|4 817,2|0|
Элемент-Трейд Зорге, 261|3 078,25|0|
Элемент-Трейд Выборная, 99/1|8 270,85|0|
Элемент-Трейд Широкая, 27|7 069,46|0|
Элемент-Трейд Широкая, 23|4 503,45|0|
Элемент-Трейд Плахотного, 2б|6 427,15|0|
Элемент-Трейд Краузе, 9|14 354,73|0|
Элемент-Трейд Полтавская, 47Б|9 326,49|0|
Элемент-Трейд Покатная, 124|4 017,3|0|
Элемент-Трейд Бердск, Лунная, 11б|4 347,8|0|
Элемент-Трейд Сокур, Советская, 76б/3|8 323,04|0|
ТАНДЕР Каменогорская, 52|53 388,8|0|
ТАНДЕР Планировочная, 58б|146 371,09|0|
ТАНДЕР Горный, Советская, 17/4|80 219,58|0|
ЧИП и ДИП|2 420|0|
ТАНДЕР Ярково, Советская, 1М|75 461,75|0|
ТАНДЕР Ордынское, Проспект Ленина, 2|93 285,38|0|
ТАНДЕР Верх-Тула, Советская, 6а|87 938,5|0|
Сеть Созвездие|0|-6 696,7|
Элемент-Трейд Ордынское, Ленина, 2б|4 586,69|0|
Зенит|0|-490 157,8|
ЛБПРИНТ|0|-6 086 084,81|
ТАНДЕР Петухова, 160|77 559,68|0|
ТАНДЕР Посевная, Садовая, 29|21 893,67|0|
ТАНДЕР Фрунзе, 49/3|47 003,24|0|
Гидравлика-НСК|119 860,02|0|
ТАНДЕР Зыряновская,63|96 675,55|0|
ТАНДЕР Обь , Ломоносова ул, дом № 7|67 501,22|0|
ШКУРЕНКО ТД    Барнаул г, Трактовая ул 4А|0|-33 418,03|
Элемент-Трейд Богдана Хмельницкого 65|9 086,07|0|
СГУПС|7 000|0|
Агрофирма Ариант|0|-12 637 952,07|
ТАНДЕР Выборная, 144|190 880,82|0|
ТАНДЕР Фасадная, 25/1|66 386,87|0|
Зарплата.ру|32 000,01|0|
Неустроев Павел Геннадьевич_экс-р|1 799,62|0|
Элемент-Трейд Колывань, Советская, 42/2|4 494,12|0|
ИНТЕРИНДУСТРИЯ|0|-880 000|
ТАНДЕР Славгород, Урицкого, 114 (ГМ)|106 753,62|0|
СИБЭКОПРОЕКТ|225 000|0|
ТАНДЕР Колывань рп, Крылова, 1А|42 676,81|0|
ТАНДЕР Даргомыжского, 8а|48 322,22|0|
Агроторг Державина, 47|15 247,74|0|
Мегафон|0|-19,12|
ТСД|16 150|0|
Самобранка |14 424 525,12|0|
ТАНДЕР Геодезическая, 23|101 487,33|0|
О'КЕЙ Иркутск, Верхняя Набережная, 10|53 481,29|0|
Равис - птицефабрика Сосновская|3 437,72|0|
Агроторг Жуковского, 113|16 383,14|0|
МИТТЕХИН-СИБИРЬ (переименовалось с 20.09.17  Матимэкс Сибирь)|0|-4 033,29|
ТАНДЕР Выборная, 89/8|53 291,49|0|
Трегубов|50 000|0|
Бакунович Сергей Васильевич|1 005|0|
Зырянова Альбина Сергеевна|137 380|0|
Базалев Владимир Викторович|79 477|0|
Караван|0|-2 579 400|
Агроторг Блюхера, 71|5 038,29|0|
Физ.лицо (продукция)|51 513,09|0|
Агроторг Кошурникова ,13|9 989,14|0|
ТАНДЕР Кемерово, Октябрьский пр-кт, 57 (ГМ)|178 939,22|0|
ТАНДЕР Болотное, Московская, 49|75 723,67|0|
ТАНДЕР Искитим, Индустриальный, 25|16 008,18|0|
Агроторг Сакко и Ванцетти, 31|15 186,51|0|
ТАНДЕР Первомайская, 196/1|77 985,26|0|
Авелин|250 000|0|
Чистый город|23 930,64|0|
ЛИНДСТРЕМ|13,5|0|
Элемент-Трейд Сибиряков-Гвардейцев, 40|5 203,42|0|
Альми|0|-2 513 456,66|
Агроторг Максима Горького, 85|17 027,99|0|
Верхне-Обское БВУ|48 252,04|0|
ТАНДЕР Романтиков, 1|115 409,71|0|
ТАНДЕР Демьяна Бедного, 57|63 477,6|0|
ТАНДЕР Киселевск, Томская д.20 , помещение 1Б (ГМ)|65 245,39|0|
СитиГранд|10 449,1|0|
Ицкин Александр Павлович|0|-29 260,49|
Магнитогорск-Упаковка|0|-254 828,8|
Стармикс-Инновационные технологии|0|-120 500,85|
ТАНДЕР Октябрьский п, Локтинская ул жилой район Светлый 3|166 530,73|0|
Отдел судебных приставов по Новосибирскому р-ну|3 500|0|
Агроторг Танковая, 47|11 101,6|0|
Агроторг Федора Горячева, 47 |21 241,85|0|
Дело Вкуса|0|-230 326,97|
ТАНДЕР  с.Каменка  Олимпийской Славы мкр, дом № 1/1|257 847,48|0|
Агроторг Троллейная, 37|7 449,07|0|
Элемент-Трейд Бориса Богаткова, 266/2  |7 393,99|0|
Агроторг В.Высоцкого, 47|10 642,43|0|
Агроторг Троллейная, 14|4 763,57|0|
ТАНДЕР Ленинск-Кузнецкий, Текстильщиков пр-кт, 19 (ГМ)|245 679,54|0|
Вкусмастер Мичурина, 12|0|-80,06|
Агроторг Галущака, 2А|4 380,27|0|
Агроторг Восход, 20|14 959,13|0|
Элемент-Трейд Новосибирская, 22/1|5 235,86|0|
Агроторг Челюскинцев, 9|6 593,69|0|
Агроторг Добролюбова, 16|10 494,08|0|
Агроторг Экваторная, 15А|8 585,95|0|
Агроторг Героев Революции, 27|17 250,47|0|
Агроторг Оловозаводская, 3/1|5 699,91|0|
Резонанс|0|-2 129 847,39|
ТАНДЕР Жуковского, 111 |82 226,62|0|
Пак-Кейсинг|0|-1 082 681,75|
А.Спайс|0|-24 720,82|
ТАНДЕР Сибиряков-Гвардейцев, 25|34 444,43|0|
Агроторг Дуси Ковальчук, 258/2 |1 504,73|0|
Миронова О.П.|16 000|0|
Агроторг Каменка, Олимпийской славы мкр., 1/1 |19 309,96|0|
ТАНДЕР Петухова, 14/1|25 528,54|0|
ТАНДЕР Кропоткина, 263а, этаж 2|106 664,67|0|
ТАНДЕР Вертковская, 35/1|59 655,59|0|
ТАНДЕР Искитим, Пушкина, 38|26 816,13|0|
Горный Виталий|50 000|0|
Агроторг Печатников 24|18 568,8|0|
Агроторг Мочище дп, Стрижи мкр, дом № 10|6 477,63|0|
Элемент-Трейд Выборная, 89/5|7 697,75|0|
Агроторг 25 лет Октября, 5|8 964,13|0|
Агроторг Учительская, 18|14 874,09|0|
Юпитер (5 ОПТ)  |70 739,96|0|
Белстар|0|-73 750|
Надежда|0|-188 250,91|
Сеть УНИВЕРСАМЫ БЕГЕМАГ |196 395,81|0|
Элемент-Трейд 1-й Пархоменко пер, 16  |5 384,15|0|
Агроторг Связистов, 107|5 703,85|0|
ТАНДЕР Мочище ст, Линейная, 57|344 839,52|0|
Минводы Боржоми|0|-8 208|
ТАНДЕР Комсомольский пр-кт, 24|78 279,05|0|
ТАНДЕР Вертковская, 38|44 087,66|0|
РУСШИЯ|0|-2 652 846,6|
ХАНДТМАНН МАШИН ФАКТОРИ|15 648,61|0|
Агроторг Планетная 30|12 948,5|0|
Агроторг Серафимовича14|3 825,47|0|
ТАНДЕР Лейтенанта Амосова, 69 |152 916,69|0|
ТАНДЕР Бердск г, Северный мкр, 21а |88 903,32|0|
Агроторг Бориса Богаткова, 228/1 |9 478,49|0|
Элемент-Трейд Бердск, Первомайская 10/1|6 872,87|0|
Элемент-Трейд Бердск, Комсомольская, 34а|4 332,25|0|
ТАНДЕР Дуси Ковальчук, 18, 1-й этаж |125 484,39|0|
Управление ветеринарии Новосибирского района НСО|0|-49 474|
Агроторг Кирова, 225 |18 354,86|0|
Агроторг Никитина, 15 |2 943,87|0|
ТаймВэб|669,01|0|
ФГБНУ ФНЦ пищевых систем им.В.М.Горбатова РАН|32 400|0|
Агроторг Толмачевский с/с, о.п. 3307 км, д. 25|737 832,06|0|
ИНДЕКС ПАК|108 800|0|
Сиб-Пресс|169,8|0|
ТАНДЕР Комбинатская, 3а |52 823,24|0|
ТАНДЕР Советская, 99 |76 048,91|0|
ТАНДЕР Дорогино, Светлая, 16 |27 965,63|0|
ТАНДЕР Шлюзовая, 26а|172 567,19|0|
Агроторг Станиславского, 28/1|6 675,77|0|
Агроторг Бердск, Лелюха, 18 |3 986,1|0|
Агроторг Урманова, 1 |2 968,9|0|
ТАНДЕР Лазурная, 4/1 |36 857,44|0|
Мир вкуса|49 588 133,41|0|
КОСМОС|15 500|0|
ЛОГСИБ |0|-474 674,4|
Сеть Красритейл|2 017 145,08|0|
РЕФТЕРМОКАР ООО|0|-2 270,86|
Красритейл Волочаевская, 57/1|984 102,38|0|
ТАНДЕР Междуреченск, Интернациональная, 6 (ГМ)|103 511,79|0|
ТАНДЕР Осинники, 50 лет Октября, 3 (ГМ)|81 090,62|0|
ЭКО-СПАЙС ООО|303,3|0|
ТАНДЕР Южная, 40/3 |20 844,67|0|
ТАНДЕР Ленинское с, 50 лет Октября, 36 |55 274,03|0|
ТАНДЕР Котовского, 11 |32 243,34|0|
Агроторг Зыряновская, 55 |4 331,87|0|
Агроторг Королева, 10/1 |7 705,64|0|
Агроторг Громова, 14|2 508,48|0|
Агроторг Зорге, 151а |3 109,05|0|
Агроторг Краснообск рп, Северная, здание 5 |12 990,14|0|
ТАНДЕР Новокузнецк, Павловского, 11, пом.19 (ГМ)|55 510,94|0|
ТАНДЕР Кемерово, Терешковой ул,1а (ГМ)|54 109,37|0|
Агроторг Петухова, 67 |13 049,3|0|
Агроторг Авиастроителей, 13 |4 878,4|0|
Агроторг Широкая, 129а |11 501,88|0|
Агроторг Дуси Ковальчук, 276, к.13|6 156,46|0|
Красритейл Сибиряков-Гвардейцев, 47  |428 823,46|0|
Агроторг Приморская, 5/1 |4 176,13|0|
Агроторг Кирова, 317 |10 764,21|0|
Сеть ТОРГСЕРВИС 54|1 397 230,65|0|
ТОРГСЕРВИС 54 Бердск, Барнаульская, 15|50 467,77|0|
ТОРГСЕРВИС 54 Искитим, Коротеева, 18 |58 816,45|0|
ТОРГСЕРВИС 54 Тогучин, Свердлова, 54а |150 304,69|0|
ТОРГСЕРВИС 54 Черепаново, Спирякова, 224 |33 389,06|0|
ТОРГСЕРВИС 54 Толмачево, Победы, 1|0|-1 440,18|
ТОРГСЕРВИС 54 Куйбышев, Каинская, 168, к. 28 (ВТ)|23 436,16|0|
ТОРГСЕРВИС 54 Краснозерское, Промышленная, 1 (ПН)|180 221,78|0|
ТОРГСЕРВИС 54 Татарск, Пограничная, 14 (ВТ)|58 104,23|0|
ТОРГСЕРВИС 54 Выборная, 219 |25 067,51|0|
ТОРГСЕРВИС 54 Учительская, 66|21 314,53|0|
ТОРГСЕРВИС 54 Болотное, Московская, 213 |79 532,61|0|
ТОРГСЕРВИС 54 Первомайская, 140 |66 257,9|0|
Когутовская Оксана Викторовна (5-ОПТ)|0|-26 451,58|
Агроторг Знаменская, 24 |23 690,15|0|
Агроторг Бердск, Ленина, 67а |2 170,04|0|
ТАНДЕР Новокузнецк, Дружбы пр-кт, 48А (ГМ)|49 862,29|0|
ТАНДЕР Шевченко, 25 |53 428,86|0|
Элемент-Трейд Путевая, 16 |6 716,22|0|
Элемент-Трейд Каменская, 32 |9 747,56|0|
Агроторг Петухова, 152/1 |9 691,74|0|
РЫБНЫЙ ХИТ Петрозаводская, 16/1|0|-87 600|
ПАРТНЕР ООО ТК|0|-5 514 469,5|
Ривьера|0|-506 421,04|
ТАНДЕР Маслянино рп, Больничная ул, 2а|20 212,23|0|
ТАНДЕР Маслянино рп, Партизанская ул,11а|22 003,87|0|
ТАНДЕР Коченево рп, Ипподромская ул, 4б (ПН)|39 766,34|0|
ТАНДЕР Тогучин г, Комсомольская ул,6|97 012,57|0|
ТАНДЕР Каргат г, Советская ул, 203 (ПН)|40 057,03|0|
ТАНДЕР Сузун рп, Ленина ул, 5|27 255,37|0|
ТАНДЕР Черепаново г, Барнаульская ул, 2|24 764,57|0|
ТАНДЕР Кочки с, Некрасова ул, 3 (ПН)|48 312,73|0|
ТАНДЕР Искитим, Подгорный мкр, 6 |18 512,34|0|
ТАНДЕР Карасук г, Индустриальная ул, 1а (ВТ)|57 566,05|0|
ТАНДЕР Чулым г, Кооперативная ул. 11 (ПН)|80 766,27|0|
ТАНДЕР Краснозерское рп, Октябрьская ул, дом № 9 а (ПН)|48 855,78|0|
ТАНДЕР Довольное с, Мичурина ул, 2 а (ПН)|47 503,04|0|
ТАНДЕР Сузун рп, Ленина ул, 52|52 907,37|0|
Агроторг Карла Маркса пр-кт,30|6 414,58|0|
Агроторг Ударная ул, 27/3|6 415,24|0|
ИП Логачев Денис Сергеевич|69 104,61|0|
Сеть ПРОДТОРГ 2 ООО|8 029,55|0|
ПРОДТОРГ 2 Бердск, Ушакова, 71  |4 626,35|0|
ПРОДТОРГ 2 Бердск, Суворова, 43 |4 097,81|0|
ТОРГСЕРВИС 54 Бердск, Промышленный пер, 2а|68 691,93|0|
УФК по Новосибирской области (Управление Росгвардии по Новосибирской области л/с 04511D20560)|500|0|
Агроторг Доватора, 15 |6 028,28|0|
Паньков Владимир Анатольевич (5-ОПТ)|0|-2 360,57|
Агроторг Жуковского, 102|9 202,61|0|
МаркетСервис|0|-2 313 032,12|
Сибкор-Н|0|-1 036 056|
ИНТЕРНЭШНЛ РЕСТОРАНТ БРЭНДС ООО|0|-2 901 977,65|
ФОРЕСТ ООО|28,92|0|
Базаржапова Галина Шенхоровна Тайгинская, 1, к 5|0|-15 753,15|
СИБПЕЛЬМЕНИ|0|-3 669 803,58|
Агроторг Зорге, 1а|5 632,08|0|
Агроторг Обь, Ломоносова, 46 |19 154,17|0|
РЕЛИГИОЗНАЯ ОРГАНИЗАЦИЯ "ПРЕОБРАЖЕНСКИЙ МУЖСКОЙ МОНАСТЫРЬ КОЛПАШЕВСКОЙ ЕПАРХИИ РУССКОЙ ПРАВОСЛАВНОЙ |100 000|0|
ТАНДЕР Военного городка тер, 770/1 |70 755|0|
ГИДРО-НСК ООО|0|-40 500|
Агроторг Петухова, 76|6 269,23|0|
Агроторг Немировича-Данченко, 142 |17 435,26|0|
Агроторг Кошурникова, 33|8 421,2|0|
Сеть ТОРГСЕРВИС 22|2 048 537,78|0|
ТОРГСЕРВИС 22 Тальменка рп, Куйбышева 59 а|144 804,9|0|
СИБЛАЙН УПАКОВКА ООО|0|-61 150|
Агроторг Бердск, Микрорайон, 10|5 584,68|0|
ТОРГСЕРВИС 22 Горно-Алтайск г, Ленина 220|64 653,59|0|
ТОРГСЕРВИС 22 Барнаул г, Попова 258 Б|61 148,43|0|
ТОРГСЕРВИС 22 Барнаул г, Калинина пр-кт 57/1|51 226,24|0|
ТОРГСЕРВИС 22 Барнаул г, Космонавтов пр-кт,59|58 425|0|
ТОРГСЕРВИС 22 Барнаул г, Короленко ул,40, пом. Н7|42 661,36|0|
ТОРГСЕРВИС 22 Алейск г, Ульяновский пер,1|330 291,57|0|
ТОРГСЕРВИС 22 Павловск с, Л.Толстого ул,18 а|172 580,65|0|
ТОРГСЕРВИС 22 Поспелиха с, Коммунистическая ул,103|240 705,69|0|
ТОРГСЕРВИС 22 Рубцовск г, Строительная ул,1|149 589,25|0|
ТОРГСЕРВИС 22 Рубцовск г, Сельмашская 2 пом.2|206 955,91|0|
ТОРГСЕРВИС 22 Камень-на-Оби г, Гагарина ул,111/6|227 134,96|0|
ТОРГСЕРВИС 22 Бийск г, Каховская 155/1|107 993,59|0|
ТОРГСЕРВИС 22 Славгород г, Титова ул, 9/8|130 724,58|0|
ТОРГСЕРВИС 22 Бийск г, Мерлина, 67/1 пом.4|30 771,88|0|
РЕГИСТРАТОР Р01 (Был АО Регистратор Р01)|60|0|
Кузнецов Станислав Владимирович_экс-р|8 006,65|0|
Юдин Андрей Геннадьевич_экс-р|1 984,58|0|
Агроторг Авиастроителей, 27|12 058,31|0|
Агроторг Челюскинцев, 15 |3 377,83|0|
ТОРГСЕРВИС 22 Волчиха, Ветеранов ВОВ, 79 |148 586,74|0|
ТАНДЕР Рубцовск, Ленина пр-кт, 64, пом. 169|0|-0,01|
КЕЙТИ ООО|0|-20 735,48|
ТАНДЕР Горно-Алтайск, Коммунистический пр-кт, 80, пом. 1.2  |1 000,25|0|
ИП Симонова Татьяна Евгеньевна |0|-87 119,89|
ДАРЫ ПРИРОДЫ ООО|0|-214 687|
АРХИМЕД ООО|0|-63 100|
ТАНДЕР Рубцовск, Громова ул, дом.3, пом.2|641,68|0|
Агроторг Ватутина, 14 |5 955,14|0|
Сеть Васильев Дмитрий Владимирович (5 ОПТ)|0|-123|
Зиновьева Антонина Алексеевна (5ОПТ)|0|-3 813,41|
СИБЛАЙН ФУД ООО|0|-10 330|
ТАНДЕР Тогучин, Школьная, 2|33 367,43|0|
Агроторг Обь, Вокзальная, 31а |3 404,71|0|
ТОРГСЕРВИС 22 Змеиногорск, К.Маркса, 75/2|327 212,63|0|
СИБИРСКАЯ ПРОДОВОЛЬСТВЕННАЯ КОМПАНИЯ ООО|0|-3 863 787,08|
ГУРМАН ООО|0|-1 069,23|
Попов Вадим Викторович_экс-р|3 508,37|0|
Элемент-Трейд Искитим г, Пушкина ул, 64|2 144,35|0|
Агроторг Вертковская ул, 8/2|17 648,46|0|
Агроторг Сибиряков-Гвардейцев ул, 74 |13 992,15|0|
ТАНДЕР Земнухова, 15|81 294,96|0|
ИП Константинов Кирилл Юрьевич|1 630 000|0|
Агроторг Бориса Богаткова, 221|4 715,79|0|
Агроторг Никитина, 62|4 374,78|0|
Агроторг Титова, 236|18 390,9|0|
МЕГАБЕЛТ ООО СК|0|-5 830|
Элемент-Трейд Первомайская, 150/1 |5 203,34|0|
Агроторг Никитина, 112а|9 127,33|0|
Верхне-Обское БВУ(л/сч 04511128910)|590 457,32|0|
ТОРГСЕРВИС 22 Новоалтайск г, Переездная ул, 4/6|237 675,83|0|
Агроторг Комсомольская, 2а |10 916,9|0|
Агроторг Гоголя, 46 |3 995,98|0|
ТОРГСЕРВИС 22 Южный, Дзержинского пр-кт, 41 Н1 |93 426,53|0|
ФАРИНА ГРУПП ООО|20 171,85|0|
Агроторг Трикотажная ул, 55|9 308,38|0|
ТАНДЕР Карасук г, Ленина ул, 8 (ВТ)|13 524,36|0|
Элемент-Трейд Зорге, 118|4 804,52|0|
ТАНДЕР Пролетарская, 50 |90 096,83|0|
Агроторг Степная, 61а |10 616,21|0|
Агроторг Гребенщикова, 8, кв. 7,8,9 |12 200,16|0|
БИОКОЛ ООО|0|-1 039 965,65|
УРОЖАЙ ООО   ( не для оплат ) |0|-468|
ТАНДЕР Топчиха, Ленина, 5а/1 |0|-0,04|
ЭТРОН ООО|0|-19 450,26|
Востриков Данил Александрович|0|-48 099,19|
Агроторг Аэропорт, 59/1 |11 044,52|0|
КОМПАНИЯ ВРЕМЯ ООО |0|-611 590|
Агроторг Гоголя, 42|11 641,1|0|
Агроторг Олеко Дундича, 25 |19 659,97|0|
ТАНДЕР Искитим, Советская, 291|17 123,05|0|
ТАНДЕР Лобачевского, 71/1 |37 766,22|0|
ГУДКЕЙСИНГ ООО ТПФ|0|-393 483|
Агроторг Бердск, Ленина, 15А|4 341,83|0|
ТАНДЕР Станиславского, 40/1 |107 241,97|0|
ТАНДЕР Кольцово, Никольский пр-кт, 1 |89 104,52|0|
ТАНДЕР Перова, 1/1 |0,12|0|
Красритейл Новокузнецк, Технический проезд, 33, стр 2, пом 1 |138 964,05|0|
Красритейл Кемерово, Сосновый б-р, 1, стр 3, пом 3 |237 461,61|0|
Красритейл Барнаул, Космонавтов пр-кт, 8/2, пом Н3 |253 141,49|0|
Красритейл Киселевск, Западный проезд, 3|261 441,02|0|
Агроторг Бердск, Красная Сибирь, 104/1|2 529,51|0|
ТОРГСЕРВИС 54 Кубовая, 40а |20 299,11|0|
ТОРГСЕРВИС 54 Барабинск, Ермака, 12Б (ВТ)|144 223,65|0|
ТОРГСЕРВИС 54 Карасук, Кутузова, 8В (ВТ)|142 157,08|0|
ТОРГСЕРВИС 54 Палласа, 4/1 |41 925,05|0|
Агроторг Объединения, 94 |5 407,14|0|
Сеть НАЛИМОВ К.П. ООО |3 730 692,86|0|
Коваленко Оксана Николаевна п. Восход, Солнечная ул, 14/7|4 178,82|0|
ТАНДЕР Зорге, 197 |76 365,27|0|
ТАНДЕР Искитим, Станционная, 1б |64 855,99|0|
Элемент-Трейд Костычева, 16 |4 377,22|0|
Сеть Север Торговая Компания ИНН 5501226632 |0|-4 300,73|
Агроторг Бориса Богаткова, 163/9|3 269,7|0|
Агроторг Верх-Тула, Советская, 1А, пом 13-17 |18 476,77|0|
ТАНДЕР Краснообск, 2 мкр, 220/1 |144 028,36|0|
ТАНДЕР Авиастроителей, 12|61 387,32|0|
Сеть ПРОСТОР 103 |638 801,66|0|
ПРОСТОР 103 Барнаул, Малахова, 177Е, к 2|186 830,26|0|
ТОРГСЕРВИС 22 Благовещенка рп, Советская, 90|168 396,11|0|
Элемент-Трейд Звездная, 14/1 |7 012,88|0|
Элемент-Трейд Варшавская, 15 |4 291,06|0|
ТОРГСЕРВИС 22 Заринск, Молодежная, 139Б |166 962,32|0|
ТАНДЕР Кубовая, 94/1|114 784,24|0|
ТОРГСЕРВИС 22 Михайловское, Некрасова, 56 |90 369,02|0|
Элемент-Трейд Бердск, Ленина, 9а|3 442,23|0|
ТАНДЕР Рубцовск, Октябрьская, 026|0|-0,02|
ХОЗЯИН ООО ГК|0|-135 352,52|
Красритейл Петухова, 8 |330 964,66|0|
ТОРГСЕРВИС 342 Междуреченск г, Строителей пр-кт, 48б, пом. 1|0|-14 009,36|
Сокирянский Федор Леонидович ИП|50 000|0|
ТОРГСЕРВИС 342 Кемерово, Марковцева, 26|17 496,09|0|
СМАК ДИСТРИБЬЮШН ООО|0|-7 863,01|
Лифанов Александр Александрович_экс-р|6 903,8|0|
ПРОСТОР 103 Кемерово г, Тухачевского 50 "В"|136 677,88|0|
ТОРГСЕРВИС 22 Мамонтово, Партизанская, 234|144 381,44|0|
Сеть РУССКАЯ ПОВАРНЯ ООО|277 473,77|0|
ТОРГСЕРВИС 22 Топчиха с, Правды ул, 2/6|172 049,99|0|
ТОРГСЕРВИС 22 Бийск, Советская ул,196, пом. Н1|44 477,78|0|
ТАНДЕР Вокзальная магистраль 1|108 816,76|0|
ВЕСТА НСК ООО Сибиряков-Гвардейцев ул, дом № 49/1|0|-1 040,46|
Брудерс Наталья Борисовна ИП (5-ОПТ)|7 766,64|0|
Дахов О.И. ИП (5-ОПТ)|8 311,78|0|
ПРОДМАРКЕТ ООО  Станционная 30А, кор.13|0|-364,38|
ТАНДЕР Томск, Урожайный пер, 33|1 110,02|0|
ЭКОЛОГИЯ-НОВОСИБИРСК ООО|0|-145 074,6|
ТАНДЕР Кудряшовский дп, Зеленая, 1/1 |99 494,05|0|
Агроторг Есенина, 31/2 |10 523,35|0|
ТАНДЕР Гоголя, 235/2|67 870,15|0|
ТОРГСЕРВИС 22 Алтайское, Ключевая, 3 |170 639,51|0|
ТАНДЕР Тихвинская, 1 |35 012,26|0|
Элемент-Трейд Достоевского/Мичурина, 19/35 |7 238,32|0|
ТАНДЕР Майма, Ленина, 60а, к 4|635,25|0|
Красритейл Новокузнецк, Хлебозаводская, 5|165 301,29|0|
Красритейл Прокопьевск, Гайдара, 41, пом.3 |122 050,45|0|
Элемент-Трейд Комсомольская, 23а|6 655,82|0|
ТОРГСЕРВИС 342 Яя, Юбилейный пер, 2 |0|-3 470|
ФИРМА "СИБИРЬ ЭКСПРЕСС СЕРВИС"|0|-300|
Элемент-Трейд Большая, 596, к 6|5 545,03|0|
ТАНДЕР Кирова, 225|58 586,62|0|
ТОРГСЕРВИС 22 Троицкое, Гагарина, 22 |83 535,3|0|
ТАНДЕР Спортивная, 23а |51 671,54|0|
ТАНДЕР Черепаново, Вокзальная, 12|64 313,9|0|
БЭЙКЕР СТОР ООО|2 588,72|0|
ТАНДЕР Березовая 3/1|79 012,29|0|
Сеть АСК ООО|0|-9 328,69|
ГЕКА ООО|0|-0,18|
ТОРГСЕРВИС 54 Чулым г, Октябрьская 8 (ПН)|25 764,48|0|
ТАНДЕР Авиастроителей 1/3|49 548,02|0|
ФЕНИКС 24 ООО|100 000|0|
ТАНДЕР Дзержинского пр-кт, 3|21 359,21|0|
Сеть ГАСТРОМАРКЕТ |519 780,09|0|
ЧИСТЫЙ ГОРОД ООО|0|-9 000|
Сеть Болтрукевич А.В. |297 458,86|0|
ГАСТРОМАРКЕТ Кирова 25|80 252,91|0|
ГАСТРОМАРКЕТ Нарымская 102|124 731,64|0|
ГАСТРОМАРКЕТ Барнаул г, Красноармейский пр-кт, 47а|50 407,03|0|
РУССКАЯ ПОВАРНЯ  Кутателадзе 4|98 333,46|0|
РУССКАЯ ПОВАРНЯ  Бориса Богаткова 266, стр. 4|81 283,1|0|
Болтрукевич Константин Владимирович Бердск г, Пирогова  40/1|50 373,49|0|
Болтрукевич Константин Владимирович Кольцово рп, дом № 19|47 209,82|0|
Болтрукевич К. В. Бердск г, Северный мкр, дом № 17/2|10 028,91|0|
Болтрукевич К. В. Искитим г, Советская ул, дом № 224|36 182,76|0|
Болтрукевич К. В. Искитим г, мкр. Южный мкр, дом № 6а|24 441,07|0|
Болтрукевич К. В. Бердск г, Рогачева ул, дом № 11б|50 946,73|0|
Болтрукевич Алексей Владимирович  Бердск г, Красная Сибирь ул, дом № 115|30 289,59|0|
Болтрукевич Алексей Владимирович  Бердск г, Ленина ул, дом № 89/9|5 566,76|0|
Болтрукевич Алексей Владимирович  Бердск г, Пионерская ул, дом № 1|59 054,37|0|
Болтрукевич Алексей Владимирович  Искитим г, Подгорный мкр, дом № 32|5 666,58|0|
Болтрукевич Алексей Владимирович  Искитим г, Индустриальный мкр, дом № 25|9 419,29|0|
Болтрукевич Алексей Владимирович  Бердск г, Ленина ул, дом № 29/1|109 156,04|0|
Болтрукевич Алексей Владимирович  Бердск г, Гранитная ул, дом № 6|30 461,64|0|
Болтрукевич Алексей Владимирович  Бердск г, Вокзальная ул, дом № 52а|28 733,92|0|
Болтрукевич Алексей Владимирович  Бердск г, Микрорайон ул, дом № 34/3|28 262,55|0|
Болтрукевич Алексей Владимирович  Бердск г, Красная Сибирь ул, дом № 130а|112 523,39|0|
Болтрукевич Алексей Владимирович  Бердск г, Рогачева ул, дом № 15|30 597,48|0|
Болтрукевич Алексей Владимирович  Бердск г, Островского ул, дом № 170|22 694,71|0|
Болтрукевич Алексей Владимирович  Искитим г, Индустриальный мкр, дом № 42б|22 688,65|0|
Болтрукевич Алексей Владимирович  Бердск г, Кирова ул, дом № 2/1|36 664,73|0|
Болтрукевич Алексей Владимирович  Бердск г, Микрорайон ул, дом № 25а|106 481,8|0|
ТАНДЕР Толмачево, Победы 2а|49 992,91|0|
ТАНДЕР Рубцовск, Тихвинская, 28, пом.1Н|1 528,25|0|
ПАЛЬМИРА ООО Николая Островского 111, корпус 2. пом 1|0|-7 894,87|
Агроторг Ипподромская 54|15 232,81|0|
Ковшова Т.Н.  Алмазный п, Гагарина 14, кв.1|0|-2 503,7|
СИГМА ООО|99 079,35|0|
Элемент-Трейд Искитим г, Южный мкр, 34|3 825,44|0|
ТАНДЕР Искитимский р-н, Чернореченский п, Кооперативная 4|32 134,88|0|
ДЖИДИСИ ЕАС ООО|0|-11 043,86|
Простев Петр Александрович ИП  Окружная, 29|0|-2 395,17|
ПРОСТОР 103 Новосибирск г, Богдана Хмельницкого 101|518 879,36|0|
КОПИР-РАЗВИТИЕ ООО|0|-312 940|
Хороших А.И. ИП (5-ОПТ)|0|-3 407,19|
ТОРГСЕРВИС 54  Садовый п, Пасечная 1а|10 381,12|0|
Атлантис-Пак|0|-588 168,8|
СибТЭКС (ИНН5406527076)|0|-1 496 802,88|
Кудряшовский мясокомбинат  ООО|285 580,48|0|
Зырянов Л.П.|100 000|0|
Мир Вкуса (поставщик)|0|-1 046 822|
СИБШНУР ООО|0|-50 820|
Алтайская буренка|0|-156 289,7|
Полыгалов В.А. (9-ОПТ)|0|-668,44|
Региональные электрические сет|33 958,25|0|
Сеть ИП Кудрявцев С.А.|422 408,74|0|
Контур СКБ ПФ АО|152 000|0|
Сеть Лента ООО|6 630 133,96|0|
Сытый Брокер Советская ул, 37|252|0|
ФОРНАКС (Только для ТП)|0|-587 483,47|
РЕСО-ГАРАНТИЯ САО|18 204,5|0|
Моисеенко Виктор Владимирович_экс-р|4 132,36|0|
Никитин А.Г. (9- ОПТ)|0|-0,6|
Сеть ТАНДЕР|0|-3 066 633,76|
ПЯТЬ ПАКЕТОВ Островского 49 корп 5|11 247,55|0|
РоссПак|0|-93 623,1|
Сеть Болтрукевич К. В.|351 823,09|0|
Сбербанка России КПП 540645005|0|-18 970 148,27|
Догаев Алексей Александрович_экс-р|1 200,36|0|
Сеть О'КЕЙ|1 482 549,27|0|
Веми и К° Островского ул, 111|772 431,21|0|
АНАДО РАЗВИТИЕ ООО|0|-43 680|
Горница|11 046 115,01|0|
АВАНТЕЛ|13 785|0|
ФЕЛИКС ООО Большевистская ул 153|494,27|0|
Паутов С.А._экс-р|7 943,59|0|
Мишенькина ИП (У/Н) Есенина ул, 67|0|-8|
Алтай-С (У/Н) Большевистская ул, 175/6|0|-489,43|
Соломко ИП (У/Н) Нижегородская ул, 24/1|0|-195,7|
Юпитер-К (У/Н) Героев Революции ул, 81|0|-1 928,29|
Сеть Араз (У/Н)|0|-14 945,72|
Ильенко Д.А. (У/Н) Пешеходная ул, 5/1|0|-246,92|
Джабраилов (У/Н) Бориса Богаткова ул, 194/3-1|0|-105,84|
Лифтстрой-Сервис|0|-4 153|
Маркет-2 (У/Н) Зорге ул, 8|0|-0,07|
Некрасова (У/Н) Вертковская ул, 38|0|-286,6|
Сеть Транс |0|-40 801,97|
Кондолов (У/Н) Военный городок 772|0|-56,36|
Волкова (У/Н) Беловежская, 2/1|0|-72,54|
ПРОДСНАБ (5406772769) Северный проезд, 3/1|0|-699,18|
Сеть Веста  (У/Н)|10 651,08|0|
Сеть Сибстройторг (Б/Н)|0|-141,45|
Ильенко Н.Н.(У/Н) Кирова ул, 139/1|0|-164|
Сатори вывеска ДОБРЫЙ (У/Н) Экваторная ул, 15а|0|-166,17|
Дубровин А.К. (У/Н) Обь, Байдукова ул, 2а|0|-540,33|
Гуковская Т.Ю. (У/Н) Театральный СНТ (Советский р-н)|0|-251,95|
НОВОЛАБ|10 500|0|
Гелиос|0|-192 842,32|
ПЕРЕВОЗЧИК|0|-73 546|
Прайм Плюс Ингрединеты|0|-90 009,78|
Ильенко Сергей Иванович|0|-229 544|
ГАЗОЙЛ ИНН 5406773716|126 341,68|0|
Иванов Сергей Валерьевич|0|-24 000|
Валенсия Линейная ул, 118|2 325 199,33|0|
Феникс ИНН 4218105168 Новокузнецк, Есаульский туп, 15|0|-0,01|
Болтрукевич Константин Владимирович Бердск, Лелюха ул, 28|17 982,44|0|
Болтрукевич Константин Владимирович Бердск, Лелюха ул, дом № 5|37 470,04|0|
Болтрукевич Константин Владимирович Бердск, Ленина ул, 11|50 426,82|0|
Болтрукевич Константин Владимирович Бердск, Ленина ул, 13/1|31 136,02|0|
Болтрукевич Константин Владимирович Бердск, Горького ул, 4|41 230,05|0|
Лента Большевистская ул, 52/1|462 080,21|0|
Лента Гусинобродское шоссе ул, 64|880 864,51|0|
Лента Кирзаводская ул, 1а|634 123,54|0|
Лента Мясниковой ул, 29|902 244,75|0|
Лента Петухова ул, 73|835 553,65|0|
Лента Энергетиков проезд ул, 9|584 981,61|0|
ТАНДЕР Блюхера ул, 71|55 540,88|0|
ТАНДЕР Гоголя ул, 51|123 460,62|0|
ТАНДЕР Дуси Ковальчук ул, 91|67 699,65|0|
ТАНДЕР Колывань рп, Ленина ул, 83а|52 295,62|0|
ТАНДЕР Кубовая ул, дом № 106/1|101 815,29|0|
ТАНДЕР Линево рп, Листвянская ул, 4а|23 052,14|0|
ТАНДЕР Линево рп, Коммунистический пр-кт, 18а|27 239,08|0|
ТАНДЕР Мошково рп, Вокзальная ул, 91|71 792,8|0|
ТАНДЕР Новоуральская ул, 23|179 064,03|0|
ТАНДЕР Шмидта ул, 8|64 592,04|0|
О'КЕЙ Военная ул, 5|383 212,33|0|
О'КЕЙ Дуси Ковальчук ул, 1, корпус 1|533 235,3|0|
МЕТРО Кэш энд Керри Большевистская ул, 290|299 198,45|0|
МЕТРО Кэш энд Керри Северная ул, 11|434 922,43|0|
МегаТорг Воинская ул, 63|251 356,25|0|
МегаТорг Искитим, Ленинградская ул, 19а|83 021,37|0|
МегаТорг Линейная ул, 114|261 400,68|0|
ДельтаТорг Бердск, Ленина ул, 6/1|386 016,63|0|
ДельтаТорг Степная ул, 25|286 577,37|0|
ГрандТорг Планетная ул, 30|235 249,56|0|
ГрандТорг Пермитина ул, 24|345 166,32|0|
ГрандТорг Тюменская ул, 2|252 962,25|0|
ЮПИТЕР|0|-70 341,03|
ТАНДЕР Б. Хмельницкого ул, 1|92 578,23|0|
Арт-Плюс|0|-101 798|
Лента РЦ Толмачево с, о.п. 3307 км, 16/5|1 409 133,22|0|
ТАНДЕР Выборная ул, 87/3|124 116,05|0|
Веста  (У/Н) Комсомольская ул,4|0|-2 150,79|
Веста  (У/Н) Невельского ул, 1/1|0|-8 500,29|
Араз (У/Н) Одоевского ул, 1/9|7 171,69|0|
Араз (У/Н) Одоевского ул, 1/7|7 337,8|0|
Плющихинский ТД Татьяны Снежиной ул, 48/1|69 823,42|0|
Плющихинский ТД Высоцкого ул, 46А|47 387,78|0|
ТАНДЕР Обь, Горького, 3/1|67 438,35|0|
ТАНДЕР бульвар  Молодежи, 21|0|-0,02|
ТАНДЕР Толмачево, ул.Центральная, 43|36 776,61|0|
ТАНДЕР Криводановка, ул.Садовая, 40|187 051,82|0|
ТАНДЕР Новолуговое с, Андреева, дом № 57б|66 652,83|0|
ТАНДЕР Бердск г, Первомайская ул, дом № 19|57 582,03|0|
ТАНДЕР Искитим г, Юбилейный пр-кт, дом № 23|29 663,54|0|
ТАНДЕР Громова ул, дом № 14/1|66 124,48|0|
ТАНДЕР Никитина ул, дом № 68|90 232,75|0|
ТАНДЕР Мичурина ул, дом № 23|64 362,53|0|
ТАНДЕР Линейная ул, дом № 29|86 464,75|0|
Транс (У/Н) Новогодняя ул, 10|0|-455,23|
Транс (У/Н) Новогодняя ул, 10 Садовое товарищество Электрон|41 144,99|0|
Транс (У/Н) Новогодняя ул, 10 Садовое товарищество Озерное|0,02|0|
АльфаСофт Трейд ТД|0|-60|
Сеть МЕТРО Кэш энд Керри|1 992 279,31|0|
Пушкарев В.А._экс-р|4 017,94|0|
Восточный|0|-80 000|
Лукашков М.С._экс-р|1 197,71|0|
Герконн ООО|24 624|0|
АБК ХБ-плюс|0|-800|
Лореш И.В. (5-ОПТ)|35 311,63|0|
Любимая Сказка|0|-7 294 051,53|
Агроспецкомплект ООО|0|-2 001,36|
ТФН-Новосибирск ООО|35 000|0|
Дом Крепежа ООО|0|-2 300|
Прайд ООО|0|-323 650|
ЮниКредит Банк|0|-33 053,18|
Горводоканал|19 871,12|0|
Оборудование ТД|0|-196 972|
Колви - Сибирь ООО|0|-105 975|
СибДар  ООО|0|-80 000|
ФИНСИБ|0|-283 148,4|
Антес ООО|35 000|0|
Сеть ИП Рульнов А.Г.|122 324,91|0|
Сеть АШАН|4 370 524,6|0|
РЖД ОАО, Вокзальная магистраль, 12|1 715,92|0|
Бриз (5-ОПТ)|0|-19,9|
ИСТОК (Новосибирск )|0|-15,14|
Сеть МегаТорг ООО|846 580,04|0|
Сибирь-шоу (NYP) (У/Н) Красный пр, 15|0|-0,64|
Тимофеев|970 412,76|0|
Фиорд Киевская ул, 11а|0|-0,63|
Шморгунов Карла Маркса, 4|3 120|0|
Зырянов И.Л.|158 695 170,35|0|
Зырянова А.С.|6 555 926,94|0|
Самойлов Е.Ю.|133,5|0|
Степин А.И.|7|0|
Охрана МВД России|1 675,62|0|
Рэлсиб ТСЦ ООО|16 293,14|0|
Техноавиа-Сибирь|226 954,45|0|
Евдокимова Е.В.ИП Барнаул г, Пионеров ул, дом № 13|0|-0,26|
Мастер Кейк|0|-152 940,5|
СИБЭКО|299 911,12|0|
Ростелеком|630,15|0|
Новотелеком|400|0|
Трундуков А.А.|25|0|
ЮниКредит Лизинг|530 441,44|0|
Эльпида (5-ОПТ)|0|-48 478,99|
Вальковец Н.Н. Ленский, Орджоникидзе ул, 30а|0|-1 567,09|
Сиблига (5-ОПТ)|0|-551 159,32|
Международный аэропорт Новосибирск|0|-507,09|
Омега Фуд Технолоджис|0|-93 512,15|
Сеть ДельтаТорг ООО|1 351 100,5|0|
ТК Еврокейсинг|0|-200 000|
ФГКУ УВО ВНГ|16 230,66|0|
ТК Гермес-Авиа ООО|0|-0,01|
ЭДЕЛЬВЕЙС (ИНН 7838315731)|0|-0,01|
Сеть ИП Мрочек Ю.Б.|585 625,91|0|
Сибметаллообработка ООО|52 000|0|
БИОПАК ТПК ООО|0|-610 853,55|
РУСКОМ ООО|0|-10 397 087,01|
Новосибирский Завод Вторчермет ООО|183 847,3|0|
Сеть ИП Золотухин Н.А.|1 281 519,44|0|
Лента Бердское шоссе, д.2|567 136,83|0|
МЕТРО Кэш энд Керри Северный проезд, дом № 3а|121 610,71|0|
БАЛАТОН И К ООО Кемерово г, Кузнецкий пр-кт 228|41 262,7|0|
Сеть ТИННЕР ООО|0|-2 948,6|
Тиннер Жуковского ул, дом № 123|1 559,78|0|
Тиннер Кольцово рп, Рассветная ул, дом № 1|6 207,28|0|
Тиннер Костычева ул, дом № 74/1|860,2|0|
Проспект Выборная 99/2|2 120,26|0|
Проспект Вилюйская 11|2 815,32|0|
Проспект Фрунзе 230|2 565,42|0|
ТАНДЕР Менделеева ул, дом № 10|140 568,59|0|
НСК Ритейл (сеть)|4 097,52|0|
ТАНДЕР Искитим г, Южный мкр, дом № 1б|22 501,22|0|
ТАНДЕР Бердск г, Микрорайон ул, дом № 46б|54 526,08|0|
Ситигаз|10 368|0|
ТАНДЕР Дуси Ковальчук ул, 272|92 076,07|0|
Торговая Сеть Аникс Лежена, 16|11 997,4|0|
Торговая Сеть Аникс Краснообск рп, дом № 221|17 434,4|0|
Торговая Сеть Аникс Народная ул, дом № 26/1|3 326,7|0|
Тиннер Пархоменко ул, дом № 27|638,23|0|
Фаворит|0|-348 395|
Асинхронные двигатели|9 700|0|
Сеть Торговая Сеть Аникс|23 855,23|0|
Абсолют ТД (5402524959)|204 303|0|
Мульти-Пак|0|-62 193,6|
ЛОГО Трейд|0|-42 008,4|
Новосибирскэнергосбыт|2 507 533,38|0|
Павлицкий И.В.|0|-2 700|
Сеть ПЛЮЩИХИНСКИЙ  ТД ООО|8 289,8|0|
Мобильные ТелеСистемы|1 642,5|0|
ТОРГОВАЯ ПЛОЩАДЬ|2 448 446 018,58|0|
ЧОП Торговая площадь|0|-527 808,48|
Тихобаев Ю.П. ИП|10 800|0|
Сеть ГрандТорг ООО|1 727 720,44|0|
Сибторг|0|-706 000|
Телеком|0|-2 846,28|
ТД Торговая площадь|0|-2 457 521 659,49|
Звягин Валерий Юрьевич_экс-р|2 534,06|0|
Аграрная Группа Сибирская|45 784,03|0|
АЛАН (Якутия) (9-ОПТ)|0|-5 635,35|
РК Транзит|0|-4 389 798,52|
Зырянова Е.А.|8 261 146,49|0|
Деловые Линии|1 021|0|
Хлебокомбинат "Инской"|0|-39 270|
Зырянов О.Л.|129 029 501,03|0|
КотельниковАЮ_экс-р|1 885,48|0|
Сеть ПРОСПЕКТ ООО|1 815,49|0|
Центр стандартизации|97 000,03|0|
АРКТУР ООО ЧОП|1 500|0|
ОйлГрупп ООО|0|-106 780|
Главная книга в Новосибирске|4 274,36|0|
Приборика|400,01|0|
Спецзавод "Квант"|0|-41 895,88|
СМУ-Спецстрой|0|-50 328,1|
Хэдхантер|31 700,4|0|
Зырянов А.О.|7 288 786,36|0|
УФК по Новосибирской области (ГУ МВД по Новосибирской области)|1 500|0|
Мираторг|91 734,38|0|
Кальченко В.Г.|141 619|0|
Мультивак Рус|64 791,72|0|
РСИЦ|5 986|0|
НИВА ООО (сеть)|16 806,7|0|
ПАКПРИНТ|0|-182 867,36|
Городской центр наружной рекл.|65 773,2|0|
РЕАЛ|0|-14 733 924,89|
Альфастрахование|28 298|0|
Русская сказка|0|-10 113 904,97|
Департамент земельных и имущес|192 792,25|0|
СИБТЕХГАЗ ИМ.КИМА Ф.И. АО|0|-98 828,4|
Темп|45 179 955,4|0|
РемКомплектСервис|0|-14 652|
